,Indice s/ Acento,Indice c/ acento,Município com acento,Municipio Sem Acento,Total 1ª Dose,Total 2ª Dose,Total Doses Aplicadas,Doses distribuidas,% Vacinas Aplicadas,Código IBGE
0,0,0,ADAMANTINA,ADAMANTINA,8240,4778,13018,13078,100.46090029190351,3500105
1,1,1,ADOLFO,ADOLFO,890,538,1428,1256,87.95518207282913,3500204
2,2,2,AGUAÍ,AGUAI,4860,2950,7810,7868,100.7426376440461,3500303
3,7,3,AGUDOS,AGUDOS,6920,3953,10873,12075,111.05490664949876,3500709
4,8,4,ALAMBARI,ALAMBARI,900,419,1319,1339,101.51630022744504,3500758
5,9,5,ALFREDO MARCONDES,ALFREDO MARCONDES,1162,650,1812,1748,96.46799116997794,3500808
6,10,6,ALTAIR,ALTAIR,587,391,978,982,100.40899795501022,3500907
7,11,7,ALTINÓPOLIS,ALTINOPOLIS,3201,2044,5245,5173,98.6272640610105,3501004
8,12,8,ALTO ALEGRE,ALTO ALEGRE,1002,616,1618,1619,100.06180469715694,3501103
9,13,9,ALUMÍNIO,ALUMINIO,2134,1169,3303,3409,103.2092037541629,3501152
10,17,10,ALVINLÂNDIA,ALVINLANDIA,575,305,880,826,93.86363636363636,3501509
11,18,11,AMERICANA,AMERICANA,40358,22589,62947,65545,104.12728168141452,3501608
12,21,12,AMPARO,AMPARO,13079,8012,21091,21682,102.8021430942108,3501905
13,19,13,AMÉRICO BRASILIENSE,AMERICO BRASILIENSE,5252,3205,8457,8725,103.16897244885892,3501707
14,20,14,AMÉRICO DE CAMPOS,AMERICO DE CAMPOS,1273,689,1962,1985,101.1722731906218,3501806
15,22,15,ANALÂNDIA,ANALANDIA,811,496,1307,1335,102.1423106350421,3502002
16,23,16,ANDRADINA,ANDRADINA,11315,6884,18199,18805,103.32985328864224,3502101
17,24,17,ANGATUBA,ANGATUBA,3899,1926,5825,5903,101.3390557939914,3502200
18,25,18,ANHEMBI,ANHEMBI,1000,458,1458,1462,100.27434842249656,3502309
19,26,19,ANHUMAS,ANHUMAS,776,470,1246,1143,91.73354735152486,3502408
20,27,20,APARECIDA,APARECIDA,5794,3272,9066,9331,102.9230090447827,3502507
21,28,21,APARECIDA D'OESTE,APARECIDA D'OESTE,1137,711,1848,1698,91.88311688311688,3502606
22,29,22,APIAÍ,APIAI,3776,2192,5968,5759,96.4979892761394,3502705
23,33,23,ARAMINA,ARAMINA,981,556,1537,1502,97.72283669486012,3503000
24,34,24,ARANDU,ARANDU,1092,586,1678,1595,95.05363528009536,3503109
25,35,25,ARAPEÍ,ARAPEI,478,299,777,711,91.50579150579148,3503158
26,36,26,ARARAQUARA,ARARAQUARA,46511,27576,74087,74281,100.26185430642354,3503208
27,37,27,ARARAS,ARARAS,23665,13692,37357,36253,97.04473057258345,3503307
28,30,28,ARAÇARIGUAMA,ARACARIGUAMA,1988,1355,3343,3430,102.60245288662875,3502754
29,31,29,ARAÇATUBA,ARACATUBA,38559,23762,62321,63806,102.38282440910768,3502804
30,32,30,ARAÇOIABA DA SERRA,ARACOIABA DA SERRA,4536,2629,7165,7901,110.2721563154222,3502903
31,38,31,ARCO-ÍRIS,ARCO-IRIS,554,420,974,993,101.95071868583165,3503356
32,39,32,AREALVA,AREALVA,1769,977,2746,2902,105.68099053168244,3503406
33,40,33,AREIAS,AREIAS,658,361,1019,1060,104.02355250245338,3503505
34,41,34,AREIÓPOLIS,AREIOPOLIS,1159,603,1762,2049,116.28830874006808,3503604
35,42,35,ARIRANHA,ARIRANHA,1626,1005,2631,2490,94.64082098061571,3503703
36,43,36,ARTUR NOGUEIRA,ARTUR NOGUEIRA,7196,3609,10805,11342,104.96992133271635,3503802
37,44,37,ARUJÁ,ARUJA,11035,5663,16698,17488,104.73110552161936,3503901
38,45,38,ASPÁSIA,ASPASIA,440,257,697,641,91.96556671449068,3503950
39,46,39,ASSIS,ASSIS,19881,11648,31529,33045,104.80827174981764,3504008
40,47,40,ATIBAIA,ATIBAIA,25076,14011,39087,41640,106.53158339089724,3504107
41,48,41,AURIFLAMA,AURIFLAMA,2770,1552,4322,4830,111.7538176770014,3504206
42,50,42,AVANHANDAVA,AVANHANDAVA,1507,748,2255,2238,99.24611973392462,3504404
43,51,43,AVARÉ,AVARE,15862,8676,24538,25966,105.81954519520744,3504503
44,49,44,AVAÍ,AVAI,1216,809,2025,2123,104.8395061728395,3504305
45,52,45,BADY BASSITT,BADY BASSITT,3064,1836,4900,4653,94.95918367346935,3504602
46,53,46,BALBINOS,BALBINOS,361,133,494,502,101.61943319838056,3504701
47,55,47,BANANAL,BANANAL,2033,1297,3330,3361,100.93093093093093,3504909
48,57,48,BARBOSA,BARBOSA,1148,695,1843,1850,100.3798155181769,3505104
49,58,49,BARIRI,BARIRI,6329,3625,9954,10195,102.42113723126378,3505203
50,59,50,BARRA BONITA,BARRA BONITA,7004,4068,11072,11043,99.73807803468208,3505302
51,60,51,BARRA DO CHAPÉU,BARRA DO CHAPEU,721,376,1097,1288,117.41112123974476,3505351
52,61,52,BARRA DO TURVO,BARRA DO TURVO,1895,1178,3073,3305,107.5496257728604,3505401
53,62,53,BARRETOS,BARRETOS,24511,14080,38591,42158,109.2430877665777,3505500
54,63,54,BARRINHA,BARRINHA,3100,1857,4957,5395,108.83598950978414,3505609
55,64,55,BARUERI,BARUERI,36352,21888,58240,58065,99.69951923076924,3505708
56,56,56,BARÃO DE ANTONINA,BARAO DE ANTONINA,679,401,1080,1116,103.33333333333334,3505005
57,65,57,BASTOS,BASTOS,3802,1946,5748,5523,96.0855949895616,3505807
58,66,58,BATATAIS,BATATAIS,10579,6038,16617,17654,106.24059697899742,3505906
59,67,59,BAURU,BAURU,71249,41016,112265,125366,111.66971006101632,3506003
60,68,60,BEBEDOURO,BEBEDOURO,14569,8750,23319,25564,109.62734251039925,3506102
61,69,61,BENTO DE ABREU,BENTO DE ABREU,416,244,660,683,103.48484848484848,3506201
62,70,62,BERNARDINO DE CAMPOS,BERNARDINO DE CAMPOS,2406,1421,3827,3698,96.62921348314607,3506300
63,71,63,BERTIOGA,BERTIOGA,7440,4293,11733,11816,100.7074064604108,3506359
64,72,64,BILAC,BILAC,1792,1048,2840,2686,94.5774647887324,3506409
65,73,65,BIRIGUI,BIRIGUI,16673,9451,26124,31959,122.3357831878732,3506508
66,74,66,BIRITIBA MIRIM,BIRITIBA MIRIM,4199,2552,6751,6460,95.68952747741078,3506607
67,75,67,BOA ESPERANÇA DO SUL,BOA ESPERANCA DO SUL,1943,1172,3115,3041,97.62439807383628,3506706
68,76,68,BOCAINA,BOCAINA,1917,1044,2961,2815,95.06923336710572,3506805
69,77,69,BOFETE,BOFETE,1908,1045,2953,2953,100.0,3506904
70,78,70,BOITUVA,BOITUVA,7754,4310,12064,11955,99.0964854111406,3507001
71,79,71,BOM JESUS DOS PERDÕES,BOM JESUS DOS PERDOES,3091,1461,4552,4753,104.41564147627416,3507100
72,80,72,BOM SUCESSO DE ITARARÉ,BOM SUCESSO DE ITARARE,374,182,556,660,118.705035971223,3507159
73,82,73,BORACÉIA,BORACEIA,848,505,1353,1347,99.55654101995566,3507308
74,83,74,BORBOREMA,BORBOREMA,2895,1644,4539,4536,99.93390614672836,3507407
75,84,75,BOREBI,BOREBI,389,182,571,662,115.9369527145359,3507456
76,81,76,BORÁ,BORA,187,123,310,300,96.77419354838707,3507209
77,85,77,BOTUCATU,BOTUCATU,29586,17863,47449,49288,103.87574026849882,3507506
78,86,78,BRAGANÇA PAULISTA,BRAGANCA PAULISTA,30044,18085,48129,46831,97.30308130233333,3507605
79,87,79,BRAÚNA,BRAUNA,1087,682,1769,1778,100.50876201243643,3507704
80,88,80,BREJO ALEGRE,BREJO ALEGRE,503,358,861,886,102.90360046457609,3507753
81,89,81,BRODOWSKI,BRODOWSKI,3793,2397,6190,6476,104.62035541195476,3507803
82,90,82,BROTAS,BROTAS,3862,2119,5981,5909,98.79618792844006,3507902
83,91,83,BURI,BURI,2436,1318,3754,4074,108.52424080980288,3508009
84,92,84,BURITAMA,BURITAMA,3118,1783,4901,4647,94.81738420730466,3508108
85,93,85,BURITIZAL,BURITIZAL,899,496,1395,1380,98.9247311827957,3508207
86,54,86,BÁLSAMO,BALSAMO,1916,1212,3128,2877,91.9757033248082,3504800
87,95,87,CABREÚVA,CABREUVA,4593,2110,6703,8221,122.6465761599284,3508405
88,94,88,CABRÁLIA PAULISTA,CABRALIA PAULISTA,746,436,1182,1172,99.15397631133672,3508306
89,97,89,CACHOEIRA PAULISTA,CACHOEIRA PAULISTA,5472,3152,8624,9471,109.82142857142858,3508603
90,98,90,CACONDE,CACONDE,3249,1936,5185,5528,106.6152362584378,3508702
91,99,91,CAFELÂNDIA,CAFELANDIA,3122,1780,4902,5341,108.95552835577315,3508801
92,100,92,CAIABU,CAIABU,746,422,1168,1257,107.61986301369863,3508900
93,101,93,CAIEIRAS,CAIEIRAS,12157,6639,18796,19303,102.69738242179189,3509007
94,102,94,CAIUÁ,CAIUA,924,608,1532,1767,115.33942558746736,3509106
95,103,95,CAJAMAR,CAJAMAR,7522,3102,10624,12045,113.3753765060241,3509205
96,104,96,CAJATI,CAJATI,3436,2170,5606,6152,109.73956475205138,3509254
97,105,97,CAJOBI,CAJOBI,1937,1082,3019,3067,101.58993044054324,3509304
98,106,98,CAJURU,CAJURU,4223,2579,6802,7294,107.23316671567189,3509403
99,107,99,CAMPINA DO MONTE ALEGRE,CAMPINA DO MONTE ALEGRE,1014,519,1533,1431,93.34637964774952,3509452
100,108,100,CAMPINAS,CAMPINAS,194686,120819,315505,355254,112.59853251137066,3509502
101,109,101,CAMPO LIMPO PAULISTA,CAMPO LIMPO PAULISTA,10082,4958,15040,16961,112.77260638297872,3509601
102,110,102,CAMPOS DO JORDÃO,CAMPOS DO JORDAO,7275,4093,11368,11164,98.2054890921886,3509700
103,111,103,CAMPOS NOVOS PAULISTA,CAMPOS NOVOS PAULISTA,837,503,1340,1313,97.9850746268657,3509809
104,112,104,CANANÉIA,CANANEIA,2150,1196,3346,3493,104.39330543933056,3509908
105,113,105,CANAS,CANAS,640,312,952,950,99.78991596638656,3509957
106,116,106,CANITAR,CANITAR,593,337,930,890,95.6989247311828,3510153
107,118,107,CAPELA DO ALTO,CAPELA DO ALTO,2629,1373,4002,3889,97.17641179410296,3510302
108,119,108,CAPIVARI,CAPIVARI,7546,4200,11746,12207,103.92474033713606,3510401
109,117,109,CAPÃO BONITO,CAPAO BONITO,6731,3652,10383,10614,102.22479052297024,3510203
110,120,110,CARAGUATATUBA,CARAGUATATUBA,15004,9259,24263,31569,130.11169270082016,3510500
111,121,111,CARAPICUÍBA,CARAPICUIBA,45116,23436,68552,74505,108.6839187769868,3510609
112,122,112,CARDOSO,CARDOSO,2503,1351,3854,3935,102.10171250648676,3510708
113,123,113,CASA BRANCA,CASA BRANCA,5000,2808,7808,9492,121.56762295081968,3510807
114,125,114,CASTILHO,CASTILHO,3944,1834,5778,5867,101.54032537210108,3511003
115,126,115,CATANDUVA,CATANDUVA,26302,17226,43528,43694,100.38136371990444,3511102
116,127,116,CATIGUÁ,CATIGUA,1273,716,1989,1833,92.15686274509804,3511201
117,96,117,CAÇAPAVA,CACAPAVA,13984,8555,22539,24959,110.73694485114687,3508504
118,128,118,CEDRAL,CEDRAL,2084,1197,3281,3537,107.80249923803714,3511300
119,129,119,CERQUEIRA CÉSAR,CERQUEIRA CESAR,3251,1730,4981,5062,101.62617948203172,3511409
120,130,120,CERQUILHO,CERQUILHO,6837,3609,10446,11053,105.81083668389816,3511508
121,131,121,CESÁRIO LANGE,CESARIO LANGE,2403,1421,3824,3826,100.05230125523012,3511607
122,132,122,CHARQUEADA,CHARQUEADA,2241,1397,3638,3708,101.9241341396372,3511706
123,133,123,CHAVANTES,CHAVANTES,2112,1113,3225,3071,95.22480620155036,3557204
124,134,124,CLEMENTINA,CLEMENTINA,1147,644,1791,1661,92.74148520379676,3511904
125,135,125,COLINA,COLINA,3226,1745,4971,5044,101.46851740092536,3512001
126,136,126,COLÔMBIA,COLOMBIA,1034,640,1674,1720,102.7479091995221,3512100
127,137,127,CONCHAL,CONCHAL,3689,2141,5830,5680,97.42710120068612,3512209
128,138,128,CONCHAS,CONCHAS,3153,1620,4773,4991,104.56735805573014,3512308
129,139,129,CORDEIRÓPOLIS,CORDEIROPOLIS,3270,1683,4953,6069,122.53179890975166,3512407
130,140,130,COROADOS,COROADOS,921,510,1431,1403,98.04332634521312,3512506
131,141,131,CORONEL MACEDO,CORONEL MACEDO,916,552,1468,1323,90.12261580381472,3512605
132,142,132,CORUMBATAÍ,CORUMBATAI,679,470,1149,1096,95.38729329852043,3512704
133,144,133,COSMORAMA,COSMORAMA,1645,1012,2657,2566,96.57508468197214,3512902
134,143,134,COSMÓPOLIS,COSMOPOLIS,7632,3313,10945,12352,112.85518501598904,3512803
135,145,135,COTIA,COTIA,29067,13266,42333,48596,114.79460468192664,3513009
136,146,136,CRAVINHOS,CRAVINHOS,4950,2726,7676,8330,108.52006253256909,3513108
137,147,137,CRISTAIS PAULISTA,CRISTAIS PAULISTA,1323,786,2109,2028,96.1593172119488,3513207
138,149,138,CRUZEIRO,CRUZEIRO,13146,6986,20132,21085,104.73375720246374,3513405
139,148,139,CRUZÁLIA,CRUZALIA,486,228,714,660,92.43697478991596,3513306
140,150,140,CUBATÃO,CUBATAO,15414,8460,23874,25543,106.99086872748596,3513504
141,151,141,CUNHA,CUNHA,3830,2158,5988,5970,99.6993987975952,3513603
142,124,142,CÁSSIA DOS COQUEIROS,CASSIA DOS COQUEIROS,597,310,907,831,91.6207276736494,3510906
143,114,143,CÂNDIDO MOTA,CANDIDO MOTA,5394,3095,8489,8416,99.14006361173284,3510005
144,115,144,CÂNDIDO RODRIGUES,CANDIDO RODRIGUES,677,383,1060,1028,96.98113207547168,3510104
145,152,145,DESCALVADO,DESCALVADO,6830,4376,11206,9977,89.0326610744244,3513702
146,153,146,DIADEMA,DIADEMA,51291,23483,74774,81130,108.50028084628347,3513801
147,154,147,DIRCE REIS,DIRCE REIS,401,251,652,652,100.0,3513850
148,155,148,DIVINOLÂNDIA,DIVINOLANDIA,2758,1759,4517,4251,94.11113570954171,3513900
149,156,149,DOBRADA,DOBRADA,1009,480,1489,1609,108.0591000671592,3514007
150,157,150,DOIS CÓRREGOS,DOIS CORREGOS,4299,2533,6832,6889,100.83430913348946,3514106
151,158,151,DOLCINÓPOLIS,DOLCINOPOLIS,522,314,836,801,95.8133971291866,3514205
152,159,152,DOURADO,DOURADO,1787,914,2701,2797,103.5542391706775,3514304
153,160,153,DRACENA,DRACENA,10445,6032,16477,17709,107.47708927596042,3514403
154,161,154,DUARTINA,DUARTINA,2881,1698,4579,4081,89.12426293950644,3514502
155,162,155,DUMONT,DUMONT,1331,721,2052,1929,94.00584795321636,3514601
156,163,156,ECHAPORÃ,ECHAPORA,1288,709,1997,2272,113.77065598397594,3514700
157,164,157,ELDORADO,ELDORADO,3943,2176,6119,5986,97.8264422291224,3514809
158,165,158,ELIAS FAUSTO,ELIAS FAUSTO,2293,1256,3549,3574,100.70442378134685,3514908
159,166,159,ELISIÁRIO,ELISIARIO,600,390,990,916,92.52525252525253,3514924
160,167,160,EMBAÚBA,EMBAUBA,476,276,752,759,100.9308510638298,3514957
161,168,161,EMBU DAS ARTES,EMBU DAS ARTES,28190,14046,42236,43248,102.3960602329766,3515004
162,169,162,EMBU-GUAÇU,EMBU-GUACU,7422,5012,12434,14949,120.22679749075115,3515103
163,170,163,EMILIANÓPOLIS,EMILIANOPOLIS,686,443,1129,1001,88.66253321523472,3515129
164,171,164,ENGENHEIRO COELHO,ENGENHEIRO COELHO,2089,1237,3326,3220,96.81298857486472,3515152
165,172,165,ESPÍRITO SANTO DO PINHAL,ESPIRITO SANTO DO PINHAL,8450,4959,13409,13528,100.88746364382128,3515186
166,173,166,ESPÍRITO SANTO DO TURVO,ESPIRITO SANTO DO TURVO,636,334,970,908,93.6082474226804,3515194
167,174,167,ESTIVA GERBI,ESTIVA GERBI,1583,765,2348,2200,93.69676320272572,3557303
168,175,168,ESTRELA D'OESTE,ESTRELA D'OESTE,1831,1134,2965,2826,95.31197301854976,3515202
169,176,169,ESTRELA DO NORTE,ESTRELA DO NORTE,482,269,751,650,86.55126498002663,3515301
170,177,170,EUCLIDES DA CUNHA PAULISTA,EUCLIDES DA CUNHA PAULISTA,1350,673,2023,2193,108.4033613445378,3515350
171,178,171,FARTURA,FARTURA,2922,1777,4699,4761,101.31942966588636,3515400
172,179,172,FERNANDO PRESTES,FERNANDO PRESTES,1340,792,2132,2229,104.5497185741088,3515608
173,180,173,FERNANDÓPOLIS,FERNANDOPOLIS,16062,9624,25686,25759,100.28420151055047,3515509
174,181,174,FERNÃO,FERNAO,375,237,612,604,98.69281045751634,3515657
175,182,175,FERRAZ DE VASCONCELOS,FERRAZ DE VASCONCELOS,18782,10851,29633,32756,110.53892619714507,3515707
176,183,176,FLORA RICA,FLORA RICA,490,324,814,735,90.2948402948403,3515806
177,184,177,FLOREAL,FLOREAL,840,509,1349,1237,91.69755374351372,3515905
178,186,178,FLORÍNEA,FLORINEA,660,393,1053,945,89.74358974358975,3516101
179,185,179,FLÓRIDA PAULISTA,FLORIDA PAULISTA,2199,1289,3488,3380,96.90366972477064,3516002
180,187,180,FRANCA,FRANCA,53096,29672,82768,84662,102.2883239899478,3516200
181,188,181,FRANCISCO MORATO,FRANCISCO MORATO,17072,8795,25867,27802,107.48057370394712,3516309
182,189,182,FRANCO DA ROCHA,FRANCO DA ROCHA,19275,10511,29786,29932,100.49016316390252,3516408
183,190,183,GABRIEL MONTEIRO,GABRIEL MONTEIRO,576,306,882,915,103.74149659863944,3516507
184,192,184,GARÇA,GARCA,8589,4682,13271,13610,102.5544420164268,3516705
185,193,185,GASTÃO VIDIGAL,GASTAO VIDIGAL,733,469,1202,1122,93.34442595673876,3516804
186,194,186,GAVIÃO PEIXOTO,GAVIAO PEIXOTO,747,355,1102,1052,95.46279491833027,3516853
187,195,187,GENERAL SALGADO,GENERAL SALGADO,2311,1412,3723,3712,99.70453934998656,3516903
188,196,188,GETULINA,GETULINA,1685,1113,2798,3102,110.86490350250178,3517000
189,197,189,GLICÉRIO,GLICERIO,767,481,1248,1254,100.48076923076924,3517109
190,199,190,GUAIMBÊ,GUAIMBE,1004,613,1617,1680,103.89610389610388,3517307
191,198,191,GUAIÇARA,GUAICARA,1648,845,2493,2623,105.21460088247092,3517208
192,202,192,GUAPIARA,GUAPIARA,2721,1471,4192,4527,107.99141221374045,3517604
193,201,193,GUAPIAÇU,GUAPIACU,3238,1924,5162,5425,105.09492444788842,3517505
194,205,194,GUARACI,GUARACI,1670,1110,2780,2997,107.80575539568343,3517901
195,206,195,GUARANÍ D'OESTE,GUARANI D'OESTE,414,260,674,628,93.17507418397626,3518008
196,207,196,GUARANTÃ,GUARANTA,1069,655,1724,1658,96.17169373549883,3518107
197,208,197,GUARARAPES,GUARARAPES,5657,3493,9150,9218,100.74316939890709,3518206
198,209,198,GUARAREMA,GUARAREMA,4711,2738,7449,7307,98.09370385286616,3518305
199,210,199,GUARATINGUETÁ,GUARATINGUETA,19961,10742,30703,34777,113.26906165521284,3518404
200,204,200,GUARAÇAÍ,GUARACAI,1794,1017,2811,2843,101.13838491639986,3517802
201,211,201,GUAREÍ,GUAREI,1825,1118,2943,2827,96.0584437648658,3518503
202,212,202,GUARIBA,GUARIBA,4530,2599,7129,7313,102.58100715387852,3518602
203,213,203,GUARUJÁ,GUARUJA,43165,20602,63767,73608,115.43274734580582,3518701
204,214,204,GUARULHOS,GUARULHOS,134180,78441,212621,264533,124.41527412626225,3518800
205,203,205,GUARÁ,GUARA,3063,2142,5205,5089,97.77137367915466,3517703
206,215,206,GUATAPARÁ,GUATAPARA,1228,732,1960,1858,94.79591836734691,3518859
207,200,207,GUAÍRA,GUAIRA,6548,3940,10488,10033,95.66170861937452,3517406
208,216,208,GUZOLÂNDIA,GUZOLANDIA,764,455,1219,1175,96.39048400328136,3518909
209,191,209,GÁLIA,GALIA,1471,929,2400,2384,99.33333333333331,3516606
210,217,210,HERCULÂNDIA,HERCULANDIA,1413,797,2210,2504,113.30316742081448,3519006
211,218,211,HOLAMBRA,HOLAMBRA,2050,1153,3203,3084,96.2847330627537,3519055
212,219,212,HORTOLÂNDIA,HORTOLANDIA,26454,11018,37472,45269,120.80753629376602,3519071
213,220,213,IACANGA,IACANGA,2091,1133,3224,3011,93.39330024813896,3519105
214,221,214,IACRI,IACRI,1220,721,1941,1976,101.80319422977846,3519204
215,222,215,IARAS,IARAS,859,440,1299,1352,104.08006158583522,3519253
216,223,216,IBATÉ,IBATE,3998,2137,6135,5947,96.93561532192336,3519303
217,225,217,IBIRAREMA,IBIRAREMA,1243,834,2077,2070,99.66297544535388,3519501
218,224,218,IBIRÁ,IBIRA,2384,1421,3805,3588,94.2969776609724,3519402
219,226,219,IBITINGA,IBITINGA,9182,5300,14482,15224,105.12360171247066,3519600
220,227,220,IBIÚNA,IBIUNA,12124,6378,18502,20667,111.70143768241272,3519709
221,228,221,ICÉM,ICEM,1321,714,2035,2052,100.83538083538085,3519808
222,229,222,IEPÊ,IEPE,1614,1004,2618,2443,93.31550802139036,3519907
223,231,223,IGARAPAVA,IGARAPAVA,4484,2552,7036,7463,106.06878908470722,3520103
224,232,224,IGARATÁ,IGARATA,1635,1015,2650,2547,96.1132075471698,3520202
225,230,225,IGARAÇÚ DO TIETÊ,IGARACU DO TIETE,3065,1569,4634,4955,106.9270608545533,3520004
226,233,226,IGUAPE,IGUAPE,5586,3544,9130,9298,101.84008762322014,3520301
227,234,227,ILHA COMPRIDA,ILHA COMPRIDA,2209,1336,3545,3391,95.65585331452748,3520426
228,235,228,ILHA SOLTEIRA,ILHA SOLTEIRA,5676,3549,9225,9201,99.739837398374,3520442
229,236,229,ILHABELA,ILHABELA,4535,2685,7220,7184,99.50138504155125,3520400
230,237,230,INDAIATUBA,INDAIATUBA,35314,23590,58904,55520,94.25505907917967,3520509
231,238,231,INDIANA,INDIANA,1056,544,1600,1504,94.0,3520608
232,239,232,INDIAPORÃ,INDIAPORA,979,668,1647,1612,97.87492410443232,3520707
233,240,233,INÚBIA PAULISTA,INUBIA PAULISTA,736,444,1180,1173,99.40677966101696,3520806
234,241,234,IPAUSSU,IPAUSSU,2308,1381,3689,3605,97.72296015180264,3520905
235,242,235,IPERÓ,IPERO,3278,2007,5285,5578,105.54399243140963,3521002
236,243,236,IPEÚNA,IPEUNA,805,453,1258,1405,111.68521462639109,3521101
237,244,237,IPIGUÁ,IPIGUA,913,590,1503,1500,99.8003992015968,3521150
238,245,238,IPORANGA,IPORANGA,936,635,1571,1690,107.57479312539785,3521200
239,246,239,IPUÃ,IPUA,2100,1236,3336,3328,99.7601918465228,3521309
240,247,240,IRACEMÁPOLIS,IRACEMAPOLIS,3069,1850,4919,5247,106.66802195568206,3521408
241,249,241,IRAPURU,IRAPURU,1406,794,2200,2150,97.72727272727272,3521606
242,248,242,IRAPUÃ,IRAPUA,1315,794,2109,1967,93.266951161688,3521507
243,250,243,ITABERÁ,ITABERA,2951,1695,4646,4580,98.57942315970728,3521705
244,252,244,ITAJOBI,ITAJOBI,3326,2033,5359,5275,98.43254338495989,3521903
245,253,245,ITAJU,ITAJU,670,378,1048,961,91.69847328244276,3522000
246,254,246,ITANHAÉM,ITANHAEM,17761,11760,29521,30938,104.799972900647,3522109
247,255,247,ITAOCA,ITAOCA,651,535,1186,1211,102.1079258010118,3522158
248,256,248,ITAPECERICA DA SERRA,ITAPECERICA DA SERRA,18204,9856,28060,31969,113.93086243763364,3522208
249,257,249,ITAPETININGA,ITAPETININGA,25304,15369,40673,39961,98.24945295404814,3522307
250,258,250,ITAPEVA,ITAPEVA,13938,8024,21962,21942,99.9089336126036,3522406
251,259,251,ITAPEVI,ITAPEVI,19450,12035,31485,36661,116.4395744005082,3522505
252,260,252,ITAPIRA,ITAPIRA,14142,8618,22760,23253,102.16608084358523,3522604
253,261,253,ITAPIRAPUÃ PAULISTA,ITAPIRAPUA PAULISTA,563,348,911,904,99.231613611416,3522653
254,263,254,ITAPORANGA,ITAPORANGA,2711,1451,4162,4564,109.65881787602116,3522802
255,265,255,ITAPURA,ITAPURA,775,452,1227,1197,97.55501222493886,3523008
256,264,256,ITAPUÍ,ITAPUI,2034,1169,3203,3031,94.63003434280364,3522901
257,266,257,ITAQUAQUECETUBA,ITAQUAQUECETUBA,29064,15543,44607,50917,114.14576187593876,3523107
258,267,258,ITARARÉ,ITARARE,7316,4042,11358,12151,106.98186300405,3523206
259,268,259,ITARIRI,ITARIRI,2362,1414,3776,3684,97.5635593220339,3523305
260,269,260,ITATIBA,ITATIBA,17374,10748,28122,28513,101.3903705284119,3523404
261,270,261,ITATINGA,ITATINGA,2474,1405,3879,3835,98.8656870327404,3523503
262,251,262,ITAÍ,ITAI,3564,1882,5446,5326,97.79654792508263,3521804
263,271,263,ITIRAPINA,ITIRAPINA,2193,1407,3600,3566,99.05555555555556,3523602
264,272,264,ITIRAPUÃ,ITIRAPUA,1169,590,1759,1756,99.82944855031268,3523701
265,273,265,ITOBI,ITOBI,1545,687,2232,2097,93.9516129032258,3523800
266,274,266,ITU,ITU,25705,15075,40780,39882,97.7979401667484,3523909
267,275,267,ITUPEVA,ITUPEVA,6290,3291,9581,9558,99.75994155098633,3524006
268,276,268,ITUVERAVA,ITUVERAVA,8131,4590,12721,13374,105.13324424180486,3524105
269,262,269,ITÁPOLIS,ITAPOLIS,7569,4373,11942,12366,103.55049405459722,3522703
270,277,270,JABORANDI,JABORANDI,1172,703,1875,1857,99.04,3524204
271,278,271,JABOTICABAL,JABOTICABAL,13473,7776,21249,22197,104.46138641818442,3524303
272,279,272,JACAREÍ,JACAREI,36740,22135,58875,59546,101.13970276008492,3524402
273,280,273,JACI,JACI,1184,801,1985,1990,100.25188916876576,3524501
274,281,274,JACUPIRANGA,JACUPIRANGA,2456,1475,3931,4186,106.48689900788604,3524600
275,282,275,JAGUARIÚNA,JAGUARIUNA,7741,4352,12093,12618,104.34135450260482,3524709
276,283,276,JALES,JALES,11225,6265,17490,17554,100.36592338479132,3524808
277,284,277,JAMBEIRO,JAMBEIRO,955,524,1479,1394,94.2528735632184,3524907
278,285,278,JANDIRA,JANDIRA,11879,6083,17962,19797,110.21601158000225,3525003
279,286,279,JARDINÓPOLIS,JARDINOPOLIS,6329,3835,10164,10674,105.01770956316412,3525102
280,287,280,JARINU,JARINU,3976,1805,5781,7071,122.31447846393355,3525201
281,288,281,JAÚ,JAU,25488,15126,40614,45060,110.94696410104888,3525300
282,289,282,JERIQUARA,JERIQUARA,520,317,837,777,92.831541218638,3525409
283,290,283,JOANÓPOLIS,JOANOPOLIS,2533,1445,3978,3986,100.201106083459,3525508
284,292,284,JOSÉ BONIFÁCIO,JOSE BONIFACIO,6041,3632,9673,9802,101.3336090147834,3525706
285,291,285,JOÃO RAMALHO,JOAO RAMALHO,594,362,956,881,92.15481171548116,3525607
286,294,286,JUMIRIM,JUMIRIM,461,263,724,662,91.43646408839778,3525854
287,295,287,JUNDIAÍ,JUNDIAI,70317,40524,110841,114883,103.64666504271884,3525904
288,296,288,JUNQUEIRÓPOLIS,JUNQUEIROPOLIS,3927,2325,6252,6223,99.5361484325016,3526001
289,298,289,JUQUITIBA,JUQUITIBA,4490,2562,7052,6874,97.4758933635848,3526209
290,297,290,JUQUIÁ,JUQUIA,3158,1916,5074,5412,106.66141111549076,3526100
291,293,291,JÚLIO MESQUITA,JULIO MESQUITA,730,402,1132,1176,103.886925795053,3525805
292,299,292,LAGOINHA,LAGOINHA,1114,692,1806,1699,94.07530454042082,3526308
293,300,293,LARANJAL PAULISTA,LARANJAL PAULISTA,4888,2576,7464,8096,108.46730975348338,3526407
294,302,294,LAVRINHAS,LAVRINHAS,751,466,1217,1330,109.28512736236648,3526605
295,301,295,LAVÍNIA,LAVINIA,1063,583,1646,1505,91.43377885783718,3526506
296,303,296,LEME,LEME,14906,9357,24263,23844,98.27309071425628,3526704
297,304,297,LENÇÓIS PAULISTA,LENCOIS PAULISTA,9894,5404,15298,15603,101.99372466989148,3526803
298,305,298,LIMEIRA,LIMEIRA,44063,20424,64487,74550,115.60469552002728,3526902
299,306,299,LINDÓIA,LINDOIA,1321,728,2049,1990,97.1205466081015,3527009
300,307,300,LINS,LINS,14952,8747,23699,24614,103.8609224017891,3527108
301,308,301,LORENA,LORENA,13704,7977,21681,24236,111.7845117845118,3527207
302,309,302,LOURDES,LOURDES,527,318,845,808,95.62130177514793,3527256
303,310,303,LOUVEIRA,LOUVEIRA,4570,2749,7319,7584,103.62071321218748,3527306
304,312,304,LUCIANÓPOLIS,LUCIANOPOLIS,522,258,780,837,107.30769230769228,3527504
305,311,305,LUCÉLIA,LUCELIA,3753,2224,5977,6264,104.80174000334615,3527405
306,314,306,LUIZIÂNIA,LUIZIANIA,827,431,1258,1340,106.5182829888712,3527702
307,315,307,LUPÉRCIO,LUPERCIO,700,423,1123,1207,107.479964381122,3527801
308,316,308,LUTÉCIA,LUTECIA,601,316,917,902,98.36423118865866,3527900
309,313,309,LUÍS ANTÔNIO,LUIS ANTONIO,1545,948,2493,2507,100.56157240272763,3527603
310,317,310,MACATUBA,MACATUBA,2572,1611,4183,4237,101.290939517093,3528007
311,318,311,MACAUBAL,MACAUBAL,1715,920,2635,2734,103.75711574952562,3528106
312,319,312,MACEDÔNIA,MACEDONIA,836,478,1314,1280,97.4124809741248,3528205
313,320,313,MAGDA,MAGDA,767,470,1237,1158,93.61358124494744,3528304
314,321,314,MAIRINQUE,MAIRINQUE,7248,3445,10693,10553,98.6907322547461,3528403
315,322,315,MAIRIPORÃ,MAIRIPORA,11573,6243,17816,19762,110.92276605298606,3528502
316,323,316,MANDURI,MANDURI,1689,970,2659,2529,95.1109439638962,3528601
317,324,317,MARABÁ PAULISTA,MARABA PAULISTA,706,332,1038,997,96.0500963391137,3528700
318,325,318,MARACAÍ,MARACAI,2427,1396,3823,3573,93.46063301072456,3528809
319,326,319,MARAPOAMA,MARAPOAMA,648,368,1016,1057,104.03543307086612,3528858
320,329,320,MARINÓPOLIS,MARINOPOLIS,499,294,793,693,87.38965952080706,3529104
321,327,321,MARIÁPOLIS,MARIAPOLIS,691,409,1100,1079,98.0909090909091,3528908
322,330,322,MARTINÓPOLIS,MARTINOPOLIS,4515,2623,7138,6936,97.17007565144294,3529203
323,328,323,MARÍLIA,MARILIA,45137,26228,71365,80361,112.60561900091082,3529005
324,331,324,MATÃO,MATAO,12725,7994,20719,21856,105.48771658863843,3529302
325,332,325,MAUÁ,MAUA,49935,27938,77873,91472,117.46304881024231,3529401
326,333,326,MENDONÇA,MENDONCA,1066,684,1750,1721,98.34285714285711,3529500
327,334,327,MERIDIANO,MERIDIANO,825,458,1283,1262,98.36321122369446,3529609
328,335,328,MESÓPOLIS,MESOPOLIS,462,279,741,673,90.82321187584346,3529658
329,336,329,MIGUELÓPOLIS,MIGUELOPOLIS,3265,1836,5101,5524,108.2924916683003,3529708
330,337,330,MINEIROS DO TIETÊ,MINEIROS DO TIETE,2002,1092,3094,3091,99.90303813833224,3529807
331,338,331,MIRA ESTRELA,MIRA ESTRELA,739,382,1121,1108,98.84032114183763,3530003
332,339,332,MIRACATU,MIRACATU,3015,1785,4800,4893,101.9375,3529906
333,340,333,MIRANDÓPOLIS,MIRANDOPOLIS,5191,3544,8735,9389,107.4871207784774,3530102
334,341,334,MIRANTE DO PARANAPANEMA,MIRANTE DO PARANAPANEMA,3597,1665,5262,5397,102.56556442417332,3530201
335,342,335,MIRASSOL,MIRASSOL,9929,5210,15139,16078,106.20252328423278,3530300
336,343,336,MIRASSOLÂNDIA,MIRASSOLANDIA,915,591,1506,1490,98.937583001328,3530409
337,344,337,MOCOCA,MOCOCA,13767,7523,21290,21641,101.6486613433537,3530508
338,345,338,MOGI DAS CRUZES,MOGI DAS CRUZES,61687,34916,96603,101634,105.2079127977392,3530607
339,346,339,MOGI GUAÇU,MOGI GUACU,22973,13940,36913,39268,106.3798661718094,3530706
340,347,340,MOGI MIRIM,MOGI MIRIM,16200,9712,25912,27150,104.77770916949676,3530805
341,348,341,MOMBUCA,MOMBUCA,504,350,854,940,110.0702576112412,3530904
342,350,342,MONGAGUÁ,MONGAGUA,9583,5530,15113,15373,101.72037318864552,3531100
343,351,343,MONTE ALEGRE DO SUL,MONTE ALEGRE DO SUL,1673,918,2591,2330,89.92666923967579,3531209
344,352,344,MONTE ALTO,MONTE ALTO,9236,5510,14746,14974,101.5461820154618,3531308
345,353,345,MONTE APRAZÍVEL,MONTE APRAZIVEL,4629,2520,7149,7722,108.01510700797314,3531407
346,354,346,MONTE AZUL PAULISTA,MONTE AZUL PAULISTA,3201,1817,5018,5700,113.59107214029493,3531506
347,355,347,MONTE CASTELO,MONTE CASTELO,943,548,1491,1471,98.65861837692825,3531605
348,356,348,MONTE MOR,MONTE MOR,7470,3744,11214,11120,99.1617620831104,3531803
349,357,349,MONTEIRO LOBATO,MONTEIRO LOBATO,833,428,1261,1531,121.41157811260904,3531704
350,349,350,MONÇÕES,MONCOES,539,362,901,853,94.67258601553829,3531001
351,358,351,MORRO AGUDO,MORRO AGUDO,3932,2143,6075,6916,113.84362139917695,3531902
352,359,352,MORUNGABA,MORUNGABA,1961,1259,3220,3250,100.93167701863356,3532009
353,360,353,MOTUCA,MOTUCA,681,395,1076,1077,100.09293680297398,3532058
354,361,354,MURUTINGA DO SUL,MURUTINGA DO SUL,982,625,1607,1631,101.49346608587427,3532108
355,362,355,NANTES,NANTES,427,269,696,651,93.53448275862068,3532157
356,363,356,NARANDIBA,NARANDIBA,712,429,1141,1049,91.93689745836984,3532207
357,364,357,NATIVIDADE DA SERRA,NATIVIDADE DA SERRA,1354,777,2131,2459,115.39183481933364,3532306
358,365,358,NAZARÉ PAULISTA,NAZARE PAULISTA,2882,1526,4408,4430,100.49909255898363,3532405
359,366,359,NEVES PAULISTA,NEVES PAULISTA,2115,1353,3468,3405,98.1833910034602,3532504
360,367,360,NHANDEARA,NHANDEARA,2603,1566,4169,4132,99.11249700167906,3532603
361,368,361,NIPOÃ,NIPOA,625,338,963,1020,105.9190031152648,3532702
362,369,362,NOVA ALIANÇA,NOVA ALIANCA,1286,746,2032,2034,100.0984251968504,3532801
363,370,363,NOVA CAMPINA,NOVA CAMPINA,902,610,1512,1493,98.74338624338624,3532827
364,371,364,NOVA CANAÃ PAULISTA,NOVA CANAA PAULISTA,502,302,804,759,94.40298507462688,3532843
365,372,365,NOVA CASTILHO,NOVA CASTILHO,244,146,390,391,100.25641025641023,3532868
366,373,366,NOVA EUROPA,NOVA EUROPA,1467,898,2365,2231,94.33403805496827,3532900
367,374,367,NOVA GRANADA,NOVA GRANADA,3459,2126,5585,5427,97.17099373321396,3533007
368,375,368,NOVA GUATAPORANGA,NOVA GUATAPORANGA,543,262,805,749,93.04347826086956,3533106
369,376,369,NOVA INDEPENDÊNCIA,NOVA INDEPENDENCIA,540,308,848,826,97.40566037735849,3533205
370,377,370,NOVA LUZITÂNIA,NOVA LUZITANIA,565,349,914,975,106.67396061269147,3533304
371,378,371,NOVA ODESSA,NOVA ODESSA,7639,3885,11524,12418,107.75772301284276,3533403
372,379,372,NOVAIS,NOVAIS,658,372,1030,1035,100.48543689320388,3533254
373,380,373,NOVO HORIZONTE,NOVO HORIZONTE,7373,4496,11869,11325,95.41663156120988,3533502
374,381,374,NUPORANGA,NUPORANGA,1365,708,2073,2182,105.25808007718284,3533601
375,382,375,OCAUÇU,OCAUCU,796,478,1274,1143,89.71742543171116,3533700
376,384,376,OLÍMPIA,OLIMPIA,10401,5993,16394,16226,98.97523484201535,3533908
377,385,377,ONDA VERDE,ONDA VERDE,729,430,1159,1156,99.74115616911128,3534005
378,386,378,ORIENTE,ORIENTE,1163,703,1866,2003,107.34190782422291,3534104
379,387,379,ORINDIÚVA,ORINDIUVA,820,441,1261,1168,92.62490087232356,3534203
380,388,380,ORLÂNDIA,ORLANDIA,6630,3244,9874,10706,108.42616973870771,3534302
381,389,381,OSASCO,OSASCO,94440,46742,141182,157624,111.64596053321245,3534401
382,390,382,OSCAR BRESSANE,OSCAR BRESSANE,702,457,1159,1220,105.26315789473684,3534500
383,391,383,OSVALDO CRUZ,OSVALDO CRUZ,6939,4155,11094,11292,101.78474851270958,3534609
384,392,384,OURINHOS,OURINHOS,20490,12974,33464,32290,96.491752330863,3534708
385,393,385,OURO VERDE,OURO VERDE,1583,799,2382,2838,119.14357682619648,3534807
386,394,386,OUROESTE,OUROESTE,1836,1190,3026,2784,92.00264375413086,3534757
387,395,387,PACAEMBU,PACAEMBU,2503,1478,3981,3905,98.0909319266516,3534906
388,396,388,PALESTINA,PALESTINA,2236,1286,3522,3594,102.0442930153322,3535002
389,397,389,PALMARES PAULISTA,PALMARES PAULISTA,1041,608,1649,1758,106.6100667070952,3535101
390,398,390,PALMEIRA D'OESTE,PALMEIRA D'OESTE,2198,1360,3558,3383,95.0815064643058,3535200
391,399,391,PALMITAL,PALMITAL,4614,2760,7374,7407,100.44751830756712,3535309
392,400,392,PANORAMA,PANORAMA,2414,1317,3731,3764,100.88448137228625,3535408
393,401,393,PARAGUAÇU PAULISTA,PARAGUACU PAULISTA,7062,3960,11022,11581,105.07167483215387,3535507
394,402,394,PARAIBUNA,PARAIBUNA,2997,1599,4596,4737,103.06788511749347,3535606
395,404,395,PARANAPANEMA,PARANAPANEMA,2775,1454,4229,4407,104.20903286829036,3535804
396,405,396,PARANAPUÃ,PARANAPUA,776,479,1255,1167,92.98804780876496,3535903
397,406,397,PARAPUÃ,PARAPUA,2276,1397,3673,3432,93.43860604410564,3536000
398,403,398,PARAÍSO,PARAISO,1190,729,1919,1890,98.48879624804586,3535705
399,407,399,PARDINHO,PARDINHO,1048,604,1652,1585,95.94430992736078,3536109
400,408,400,PARIQUERA-AÇÚ,PARIQUERA-ACU,4043,2604,6647,6514,97.9990973371446,3536208
401,409,401,PARISI,PARISI,565,329,894,822,91.9463087248322,3536257
402,410,402,PATROCÍNIO PAULISTA,PATROCINIO PAULISTA,2313,1387,3700,3672,99.24324324324324,3536307
403,411,403,PAULICÉIA,PAULICEIA,1015,566,1581,1507,95.31941808981657,3536406
404,413,404,PAULISTÂNIA,PAULISTANIA,349,217,566,539,95.22968197879858,3536570
405,414,405,PAULO DE FARIA,PAULO DE FARIA,1580,976,2556,2646,103.52112676056338,3536604
406,412,406,PAULÍNIA,PAULINIA,13418,6963,20381,20900,102.54648937736124,3536505
407,415,407,PEDERNEIRAS,PEDERNEIRAS,6740,4008,10748,10633,98.93003349460363,3536703
408,416,408,PEDRA BELA,PEDRA BELA,1176,677,1853,1702,91.85105234754452,3536802
409,417,409,PEDRANÓPOLIS,PEDRANOPOLIS,630,360,990,951,96.06060606060606,3536901
410,418,410,PEDREGULHO,PEDREGULHO,2458,1666,4124,4210,102.08535402521824,3537008
411,419,411,PEDREIRA,PEDREIRA,7351,4000,11351,12070,106.33424367897102,3537107
412,420,412,PEDRINHAS PAULISTA,PEDRINHAS PAULISTA,596,382,978,856,87.52556237218813,3537156
413,421,413,PEDRO DE TOLEDO,PEDRO DE TOLEDO,1780,1052,2832,2862,101.05932203389833,3537206
414,422,414,PENÁPOLIS,PENAPOLIS,12322,7367,19689,20055,101.8589059881152,3537305
415,423,415,PEREIRA BARRETO,PEREIRA BARRETO,4602,3073,7675,7605,99.08794788273616,3537404
416,424,416,PEREIRAS,PEREIRAS,1312,747,2059,1958,95.09470616804278,3537503
417,425,417,PERUÍBE,PERUIBE,11723,6888,18611,20164,108.34452743001452,3537602
418,426,418,PIACATU,PIACATU,1058,654,1712,1593,93.04906542056077,3537701
419,427,419,PIEDADE,PIEDADE,8481,4507,12988,13109,100.93162919618108,3537800
420,428,420,PILAR DO SUL,PILAR DO SUL,4613,2534,7147,6944,97.1596474045054,3537909
421,429,421,PINDAMONHANGABA,PINDAMONHANGABA,24098,13084,37182,38812,104.38384164380614,3538006
422,430,422,PINDORAMA,PINDORAMA,3089,1997,5086,5309,104.38458513566653,3538105
423,431,423,PINHALZINHO,PINHALZINHO,2864,1630,4494,4379,97.44103248776146,3538204
424,432,424,PIQUEROBI,PIQUEROBI,826,577,1403,1338,95.36707056307912,3538303
425,433,425,PIQUETE,PIQUETE,2489,1322,3811,4315,113.2248753607977,3538501
426,434,426,PIRACAIA,PIRACAIA,4261,2555,6816,7156,104.98826291079811,3538600
427,435,427,PIRACICABA,PIRACICABA,63651,41034,104685,111496,106.50618522233366,3538709
428,436,428,PIRAJÚ,PIRAJU,5876,3501,9377,8987,95.84088727738084,3538808
429,437,429,PIRAJUÍ,PIRAJUI,3936,2205,6141,7433,121.03891874287577,3538907
430,438,430,PIRANGI,PIRANGI,2169,1278,3447,3460,100.3771395416304,3539004
431,439,431,PIRAPORA DO BOM JESUS,PIRAPORA DO BOM JESUS,2020,1135,3155,3384,107.25832012678288,3539103
432,440,432,PIRAPOZINHO,PIRAPOZINHO,4079,2083,6162,7004,113.66439467705293,3539202
433,441,433,PIRASSUNUNGA,PIRASSUNUNGA,14444,8441,22885,23091,100.90015293860608,3539301
434,442,434,PIRATININGA,PIRATININGA,2867,1406,4273,4830,113.03533816990404,3539400
435,443,435,PITANGUEIRAS,PITANGUEIRAS,4456,2581,7037,7858,111.66690351001849,3539509
436,444,436,PLANALTO,PLANALTO,721,352,1073,1085,101.1183597390494,3539608
437,445,437,PLATINA,PLATINA,605,364,969,900,92.87925696594426,3539707
438,447,438,POLONI,POLONI,1294,772,2066,1863,90.17424975798644,3539905
439,448,439,POMPÉIA,POMPEIA,4523,2173,6696,6840,102.1505376344086,3540002
440,449,440,PONGAÍ,PONGAI,800,456,1256,1222,97.29299363057324,3540101
441,450,441,PONTAL,PONTAL,4330,2439,6769,6816,100.69434185256316,3540200
442,451,442,PONTALINDA,PONTALINDA,613,356,969,979,101.03199174406603,3540259
443,452,443,PONTES GESTAL,PONTES GESTAL,556,255,811,757,93.34155363748457,3540309
444,453,444,POPULINA,POPULINA,1061,578,1639,1543,94.14276998169616,3540408
445,454,445,PORANGABA,PORANGABA,1965,1151,3116,3057,98.10654685494222,3540507
446,455,446,PORTO FELIZ,PORTO FELIZ,7162,3825,10987,12605,114.7264949485756,3540606
447,456,447,PORTO FERREIRA,PORTO FERREIRA,9397,5149,14546,14049,96.5832531280077,3540705
448,457,448,POTIM,POTIM,2303,1337,3640,3923,107.77472527472528,3540754
449,458,449,POTIRENDABA,POTIRENDABA,3215,2058,5273,5112,96.946709652949,3540804
450,446,450,POÁ,POA,14533,7872,22405,24522,109.44878375362644,3539806
451,459,451,PRACINHA,PRACINHA,321,188,509,492,96.66011787819254,3540853
452,460,452,PRADÓPOLIS,PRADOPOLIS,2406,1249,3655,3700,101.2311901504788,3540903
453,461,453,PRAIA GRANDE,PRAIA GRANDE,52174,29276,81450,81735,100.3499079189687,3541000
454,462,454,PRATÂNIA,PRATANIA,676,335,1011,997,98.61523244312563,3541059
455,463,455,PRESIDENTE ALVES,PRESIDENTE ALVES,823,381,1204,1374,114.1196013289037,3541109
456,464,456,PRESIDENTE BERNARDES,PRESIDENTE BERNARDES,3517,1996,5513,5506,99.87302738980593,3541208
457,465,457,PRESIDENTE EPITÁCIO,PRESIDENTE EPITACIO,6861,3688,10549,10842,102.77751445634657,3541307
458,466,458,PRESIDENTE PRUDENTE,PRESIDENTE PRUDENTE,45564,28459,74023,75633,102.17499966226713,3541406
459,467,459,PRESIDENTE VENCESLAU,PRESIDENTE VENCESLAU,8032,5192,13224,13229,100.03781004234725,3541505
460,468,460,PROMISSÃO,PROMISSAO,6248,3694,9942,10385,104.45584389458858,3541604
461,469,461,QUADRA,QUADRA,615,384,999,870,87.08708708708708,3541653
462,470,462,QUATÁ,QUATA,2193,1231,3424,3374,98.5397196261682,3541703
463,471,463,QUEIROZ,QUEIROZ,456,289,745,760,102.01342281879197,3541802
464,472,464,QUELUZ,QUELUZ,1655,872,2527,2660,105.26315789473684,3541901
465,473,465,QUINTANA,QUINTANA,1187,755,1942,1914,98.55818743563336,3542008
466,474,466,RAFARD,RAFARD,1298,709,2007,2241,111.6591928251121,3542107
467,475,467,RANCHARIA,RANCHARIA,5380,2991,8371,8513,101.69633257675308,3542206
468,476,468,REDENÇÃO DA SERRA,REDENCAO DA SERRA,741,440,1181,1097,92.887383573243,3542305
469,477,469,REGENTE FEIJÓ,REGENTE FEIJO,3536,1940,5476,5225,95.4163623082542,3542404
470,478,470,REGINÓPOLIS,REGINOPOLIS,1229,671,1900,1776,93.47368421052632,3542503
471,479,471,REGISTRO,REGISTRO,9793,5801,15594,17936,115.01859689624214,3542602
472,480,472,RESTINGA,RESTINGA,1016,512,1528,1449,94.82984293193716,3542701
473,481,473,RIBEIRA,RIBEIRA,568,385,953,1029,107.97481636935991,3542800
474,482,474,RIBEIRÃO BONITO,RIBEIRAO BONITO,2102,1191,3293,3015,91.55784998481629,3542909
475,483,475,RIBEIRÃO BRANCO,RIBEIRAO BRANCO,2112,1140,3252,3386,104.12054120541204,3543006
476,484,476,RIBEIRÃO CORRENTE,RIBEIRAO CORRENTE,619,295,914,995,108.86214442013129,3543105
477,485,477,RIBEIRÃO DO SUL,RIBEIRAO DO SUL,938,492,1430,1458,101.95804195804196,3543204
478,486,478,RIBEIRÃO DOS ÍNDIOS,RIBEIRAO DOS INDIOS,623,406,1029,947,92.03109815354712,3543238
479,487,479,RIBEIRÃO GRANDE,RIBEIRAO GRANDE,1127,704,1831,1806,98.63462588749316,3543253
480,488,480,RIBEIRÃO PIRES,RIBEIRAO PIRES,18539,10667,29206,32571,111.5216051496268,3543303
481,489,481,RIBEIRÃO PRETO,RIBEIRAO PRETO,115483,69139,184622,200813,108.76981074844818,3543402
482,490,482,RIFAINA,RIFAINA,747,384,1131,1127,99.64633068081343,3543600
483,491,483,RINCÃO,RINCAO,1672,958,2630,2703,102.77566539923954,3543709
484,492,484,RINÓPOLIS,RINOPOLIS,2016,1177,3193,3088,96.71155652990922,3543808
485,493,485,RIO CLARO,RIO CLARO,37132,22283,59415,60277,101.45081208449044,3543907
486,494,486,RIO DAS PEDRAS,RIO DAS PEDRAS,4163,2568,6731,6466,96.06299212598422,3544004
487,495,487,RIO GRANDE DA SERRA,RIO GRANDE DA SERRA,4836,2352,7188,8917,124.05397885364496,3544103
488,496,488,RIOLÂNDIA,RIOLANDIA,1390,738,2128,2388,112.21804511278197,3544202
489,497,489,RIVERSUL,RIVERSUL,1076,590,1666,1616,96.99879951980792,3543501
490,498,490,ROSANA,ROSANA,3397,2109,5506,5447,98.92844169996368,3544251
491,499,491,ROSEIRA,ROSEIRA,1514,856,2370,2479,104.59915611814344,3544301
492,501,492,RUBINÉIA,RUBINEIA,647,405,1052,1142,108.5551330798479,3544509
493,500,493,RUBIÁCEA,RUBIACEA,493,285,778,732,94.0874035989717,3544400
494,502,494,SABINO,SABINO,1246,614,1860,1958,105.26881720430109,3544608
495,503,495,SAGRES,SAGRES,472,246,718,809,112.67409470752092,3544707
496,504,496,SALES,SALES,1284,768,2052,1903,92.73879142300196,3544806
497,505,497,SALES OLIVEIRA,SALES OLIVEIRA,1922,1234,3156,3484,110.39290240811152,3544905
498,506,498,SALESÓPOLIS,SALESOPOLIS,2788,1366,4154,3855,92.80211844005775,3545001
499,507,499,SALMOURÃO,SALMOURAO,909,555,1464,1393,95.15027322404372,3545100
500,508,500,SALTINHO,SALTINHO,1477,845,2322,2221,95.65030146425497,3545159
501,509,501,SALTO,SALTO,17966,9191,27157,27973,103.0047501564974,3545209
502,510,502,SALTO DE PIRAPORA,SALTO DE PIRAPORA,6809,4022,10831,11060,102.11430154187056,3545308
503,511,503,SALTO GRANDE,SALTO GRANDE,1580,795,2375,2551,107.4105263157895,3545407
504,512,504,SANDOVALINA,SANDOVALINA,608,360,968,990,102.27272727272728,3545506
505,513,505,SANTA ADÉLIA,SANTA ADELIA,2842,1585,4427,4479,101.17461034560652,3545605
506,514,506,SANTA ALBERTINA,SANTA ALBERTINA,1392,763,2155,2062,95.6844547563805,3545704
507,516,507,SANTA BRANCA,SANTA BRANCA,2335,1383,3718,4134,111.1888111888112,3546009
508,515,508,SANTA BÁRBARA D'OESTE,SANTA BARBARA D'OESTE,26833,14916,41749,44415,106.38578169536991,3545803
509,517,509,SANTA CLARA D'OESTE,SANTA CLARA D'OESTE,483,269,752,682,90.69148936170212,3546108
510,518,510,SANTA CRUZ DA CONCEIÇÃO,SANTA CRUZ DA CONCEICAO,1133,722,1855,1499,80.80862533692722,3546207
511,519,511,SANTA CRUZ DA ESPERANÇA,SANTA CRUZ DA ESPERANCA,464,224,688,666,96.80232558139537,3546256
512,520,512,SANTA CRUZ DAS PALMEIRAS,SANTA CRUZ DAS PALMEIRAS,4576,2796,7372,7460,101.1937059142702,3546306
513,521,513,SANTA CRUZ DO RIO PARDO,SANTA CRUZ DO RIO PARDO,8956,5447,14403,14296,99.25709921544124,3546405
514,522,514,SANTA ERNESTINA,SANTA ERNESTINA,775,389,1164,1122,96.3917525773196,3546504
515,523,515,SANTA FÉ DO SUL,SANTA FE DO SUL,7709,5053,12762,12592,98.6679203886538,3546603
516,524,516,SANTA GERTRUDES,SANTA GERTRUDES,2487,1565,4052,4179,103.13425468904244,3546702
517,525,517,SANTA ISABEL,SANTA ISABEL,7827,4387,12214,12596,103.12755853938104,3546801
518,526,518,SANTA LÚCIA,SANTA LUCIA,1114,604,1718,1730,100.69848661233992,3546900
519,527,519,SANTA MARIA DA SERRA,SANTA MARIA DA SERRA,853,556,1409,1430,101.49041873669267,3547007
520,528,520,SANTA MERCEDES,SANTA MERCEDES,581,350,931,841,90.33297529538132,3547106
521,529,521,SANTA RITA D'OESTE,SANTA RITA D'OESTE,675,407,1082,972,89.83364140480593,3547403
522,530,522,SANTA RITA DO PASSA QUATRO,SANTA RITA DO PASSA QUATRO,6552,3900,10452,10172,97.3210868733257,3547502
523,531,523,SANTA ROSA DE VITERBO,SANTA ROSA DE VITERBO,4392,2333,6725,7291,108.41635687732342,3547601
524,532,524,SANTA SALETE,SANTA SALETE,448,268,716,669,93.43575418994412,3547650
525,533,525,SANTANA DA PONTE PENSA,SANTANA DA PONTE PENSA,493,260,753,688,91.36786188579016,3547205
526,534,526,SANTANA DE PARNAÍBA,SANTANA DE PARNAIBA,16495,9242,25737,28230,109.68644364145004,3547304
527,535,527,SANTO ANASTÁCIO,SANTO ANASTACIO,4031,2670,6701,6547,97.70183554693328,3547700
528,536,528,SANTO ANDRÉ,SANTO ANDRE,127412,72348,199760,220281,110.27282739287143,3547809
529,537,529,SANTO ANTÔNIO DA ALEGRIA,SANTO ANTONIO DA ALEGRIA,1490,907,2397,2297,95.82811848143513,3547908
530,538,530,SANTO ANTÔNIO DE POSSE,SANTO ANTONIO DE POSSE,3382,1790,5172,5116,98.91724671307036,3548005
531,539,531,SANTO ANTÔNIO DO ARACANGUÁ,SANTO ANTONIO DO ARACANGUA,1306,765,2071,2020,97.5374215354901,3548054
532,540,532,SANTO ANTÔNIO DO JARDIM,SANTO ANTONIO DO JARDIM,1254,695,1949,1821,93.43252950230888,3548104
533,541,533,SANTO ANTÔNIO DO PINHAL,SANTO ANTONIO DO PINHAL,1107,672,1779,1732,97.35806632939855,3548203
534,542,534,SANTO EXPEDITO,SANTO EXPEDITO,656,460,1116,1059,94.89247311827955,3548302
535,544,535,SANTOS,SANTOS,110304,67653,177957,185397,104.180785245874,3548500
536,543,536,SANTÓPOLIS DO AGUAPEÍ,SANTOPOLIS DO AGUAPEI,704,420,1124,1123,99.91103202846978,3548401
537,572,537,SARAPUÍ,SARAPUI,1653,620,2273,2166,95.29256489221297,3551108
538,573,538,SARUTAIÁ,SARUTAIA,733,453,1186,1077,90.80944350758853,3551207
539,574,539,SEBASTIANÓPOLIS DO SUL,SEBASTIANOPOLIS DO SUL,711,437,1148,1038,90.41811846689896,3551306
540,575,540,SERRA AZUL,SERRA AZUL,1507,902,2409,2588,107.4304690743047,3551405
541,576,541,SERRA NEGRA,SERRA NEGRA,6024,3580,9604,9630,100.27072053311122,3551603
542,577,542,SERRANA,SERRANA,29745,18909,48654,8741,17.965634891273073,3551504
543,578,543,SERTÃOZINHO,SERTAOZINHO,17539,10722,28261,28613,101.24553271292594,3551702
544,579,544,SETE BARRAS,SETE BARRAS,1863,1159,3022,3192,105.6254136333554,3551801
545,580,545,SEVERÍNIA,SEVERINIA,2151,1272,3423,3447,100.70113935144607,3551900
546,581,546,SILVEIRAS,SILVEIRAS,1085,682,1767,1689,95.58573853989812,3552007
547,582,547,SOCORRO,SOCORRO,8577,4710,13287,13266,99.84195077895689,3552106
548,583,548,SOROCABA,SOROCABA,95205,52754,147959,169413,114.49996282754007,3552205
549,584,549,SUD MENNUCCI,SUD MENNUCCI,1482,888,2370,2248,94.85232067510547,3552304
550,585,550,SUMARÉ,SUMARE,33262,17672,50934,53904,105.83107550948286,3552403
551,587,551,SUZANO,SUZANO,38187,19527,57714,59499,103.09283709325294,3552502
552,586,552,SUZANÁPOLIS,SUZANAPOLIS,626,380,1006,1040,103.37972166998011,3552551
553,545,553,SÃO BENTO DO SAPUCAÍ,SAO BENTO DO SAPUCAI,2057,1339,3396,3338,98.29210836277971,3548609
554,546,554,SÃO BERNARDO DO CAMPO,SAO BERNARDO DO CAMPO,124855,77119,201974,211316,104.62534781704576,3548708
555,547,555,SÃO CAETANO DO SUL,SAO CAETANO DO SUL,42833,27146,69979,74819,106.91636062247244,3548807
556,548,556,SÃO CARLOS,SAO CARLOS,45721,24462,70183,73721,105.04110682074004,3548906
557,549,557,SÃO FRANCISCO,SAO FRANCISCO,711,406,1117,1063,95.16562220232764,3549003
558,554,558,SÃO JOAQUIM DA BARRA,SAO JOAQUIM DA BARRA,7981,4448,12429,14695,118.23155523372758,3549409
559,555,559,SÃO JOSÉ DA BELA VISTA,SAO JOSE DA BELA VISTA,1103,601,1704,1929,113.2042253521127,3549508
560,556,560,SÃO JOSÉ DO BARREIRO,SAO JOSE DO BARREIRO,727,416,1143,1134,99.21259842519686,3549607
561,557,561,SÃO JOSÉ DO RIO PARDO,SAO JOSE DO RIO PARDO,10947,5854,16801,18353,109.23754538420332,3549706
562,558,562,SÃO JOSÉ DO RIO PRETO,SAO JOSE DO RIO PRETO,90345,55880,146225,149408,102.1767823559583,3549805
563,559,563,SÃO JOSÉ DOS CAMPOS,SAO JOSE DOS CAMPOS,107299,65155,172454,184833,107.17814605633968,3549904
564,550,564,SÃO JOÃO DA BOA VISTA,SAO JOAO DA BOA VISTA,19826,12269,32095,32200,100.32715376226828,3549102
565,551,565,SÃO JOÃO DAS DUAS PONTES,SAO JOAO DAS DUAS PONTES,474,306,780,733,93.97435897435898,3549201
566,552,566,SÃO JOÃO DE IRACEMA,SAO JOAO DE IRACEMA,389,270,659,664,100.7587253414264,3549250
567,553,567,SÃO JOÃO DO PAU D'ALHO,SAO JOAO DO PAU D'ALHO,594,361,955,917,96.02094240837695,3549300
568,560,568,SÃO LOURENÇO DA SERRA,SAO LOURENCO DA SERRA,2294,1193,3487,3240,92.91654717522222,3549953
569,561,569,SÃO LUIZ DO PARAITINGA,SAO LUIZ DO PARAITINGA,1948,1117,3065,3001,97.91190864600328,3550001
570,562,570,SÃO MANUEL,SAO MANUEL,6320,3598,9918,10514,106.00927606372252,3550100
571,563,571,SÃO MIGUEL ARCANJO,SAO MIGUEL ARCANJO,4631,2671,7302,7387,101.1640646398247,3550209
572,564,572,SÃO PAULO,SAO PAULO,2074947,1188060,3263007,3474586,106.48417242132793,3550308
573,565,573,SÃO PEDRO,SAO PEDRO,6493,3746,10239,10668,104.1898622912394,3550407
574,566,574,SÃO PEDRO DO TURVO,SAO PEDRO DO TURVO,1286,923,2209,2067,93.57175192394747,3550506
575,567,575,SÃO ROQUE,SAO ROQUE,13374,7453,20827,25235,121.16483410956933,3550605
576,568,576,SÃO SEBASTIÃO,SAO SEBASTIAO,10839,6464,17303,16720,96.63064208518752,3550704
577,569,577,SÃO SEBASTIÃO DA GRAMA,SAO SEBASTIAO DA GRAMA,2101,1123,3224,3455,107.1650124069479,3550803
578,570,578,SÃO SIMÃO,SAO SIMAO,2586,1463,4049,4561,112.64509755495185,3550902
579,571,579,SÃO VICENTE,SAO VICENTE,48303,27866,76169,87276,114.5820478147278,3551009
580,588,580,TABAPUÃ,TABAPUA,2391,1496,3887,3602,92.66786724980706,3552601
581,589,581,TABATINGA,TABATINGA,2326,1393,3719,3656,98.30599623554718,3552700
582,590,582,TABOÃO DA SERRA,TABOAO DA SERRA,36155,20266,56421,61267,108.5890005494408,3552809
583,591,583,TACIBA,TACIBA,946,562,1508,1591,105.50397877984084,3552908
584,592,584,TAGUAÍ,TAGUAI,1765,1056,2821,2672,94.71818504076568,3553005
585,593,585,TAIAÇU,TAIACU,1129,734,1863,1977,106.11916264090178,3553104
586,594,586,TAIÚVA,TAIUVA,1310,765,2075,2058,99.18072289156626,3553203
587,595,587,TAMBAÚ,TAMBAU,3918,2315,6233,6496,104.21947697737848,3553302
588,596,588,TANABI,TANABI,5146,3075,8221,8159,99.24583384016545,3553401
589,598,589,TAPIRATIBA,TAPIRATIBA,2291,1326,3617,3635,100.49764998617636,3553609
590,597,590,TAPIRAÍ,TAPIRAI,1385,710,2095,2027,96.7541766109785,3553500
591,599,591,TAQUARAL,TAQUARAL,526,303,829,820,98.91435464414955,3553658
592,600,592,TAQUARITINGA,TAQUARITINGA,10388,6260,16648,17790,106.85968284478616,3553708
593,601,593,TAQUARITUBA,TAQUARITUBA,4041,2392,6433,6289,97.7615420488108,3553807
594,602,594,TAQUARIVAÍ,TAQUARIVAI,525,332,857,1034,120.6534422403734,3553856
595,603,595,TARABAI,TARABAI,1062,655,1717,1616,94.11764705882352,3553906
596,604,596,TARUMÃ,TARUMA,2017,1179,3196,2863,89.58072590738425,3553955
597,605,597,TATUÍ,TATUI,19362,11023,30385,31071,102.25769294059567,3554003
598,606,598,TAUBATÉ,TAUBATE,49412,24648,74060,82688,111.65001350256549,3554102
599,607,599,TEJUPÁ,TEJUPA,690,386,1076,1007,93.58736059479556,3554201
600,608,600,TEODORO SAMPAIO,TEODORO SAMPAIO,3212,1817,5029,4996,99.34380592563132,3554300
601,609,601,TERRA ROXA,TERRA ROXA,1614,997,2611,2504,95.90195327460744,3554409
602,610,602,TIETÊ,TIETE,6426,3683,10109,10761,106.44969828865368,3554508
603,611,603,TIMBURI,TIMBURI,622,375,997,913,91.57472417251756,3554607
604,612,604,TORRE DE PEDRA,TORRE DE PEDRA,514,298,812,825,101.60098522167486,3554656
605,613,605,TORRINHA,TORRINHA,1977,1141,3118,3178,101.92431045542013,3554706
606,614,606,TRABIJÚ,TRABIJU,300,152,452,515,113.93805309734512,3554755
607,615,607,TREMEMBÉ,TREMEMBE,7137,4195,11332,12614,111.31309565831272,3554805
608,616,608,TRÊS FRONTEIRAS,TRES FRONTEIRAS,1287,747,2034,2032,99.90167158308752,3554904
609,617,609,TUIUTI,TUIUTI,1400,671,2071,2048,98.88942539835828,3554953
610,619,610,TUPI PAULISTA,TUPI PAULISTA,3765,2014,5779,5860,101.4016265789929,3555109
611,618,611,TUPÃ,TUPA,14924,8667,23591,25917,109.85969225552115,3555000
612,620,612,TURIÚBA,TURIUBA,486,299,785,764,97.3248407643312,3555208
613,621,613,TURMALINA,TURMALINA,591,366,957,849,88.71473354231975,3555307
614,622,614,UBARANA,UBARANA,784,426,1210,1173,96.94214876033058,3555356
615,623,615,UBATUBA,UBATUBA,11973,6206,18179,20910,115.02282853842344,3555406
616,624,616,UBIRAJARA,UBIRAJARA,829,473,1302,1321,101.45929339477726,3555505
617,625,617,UCHÔA,UCHOA,1934,1232,3166,3237,102.24257738471256,3555604
618,626,618,UNIÃO PAULISTA,UNIAO PAULISTA,308,197,505,481,95.24752475247524,3555703
619,628,619,URU,URU,332,190,522,486,93.10344827586206,3555901
620,629,620,URUPÊS,URUPES,2730,1695,4425,4425,100.0,3556008
621,627,621,URÂNIA,URANIA,2046,1277,3323,3281,98.73608185374658,3555802
622,630,622,VALENTIM GENTIL,VALENTIM GENTIL,1920,1129,3049,2887,94.68678255165628,3556107
623,631,623,VALINHOS,VALINHOS,19798,12195,31993,32696,102.19735567155314,3556206
624,632,624,VALPARAÍSO,VALPARAISO,3412,1969,5381,6646,123.50864151644676,3556305
625,633,625,VARGEM,VARGEM,1924,965,2889,3189,110.38421599169264,3556354
626,634,626,VARGEM GRANDE DO SUL,VARGEM GRANDE DO SUL,7960,4336,12296,11663,94.8519843851659,3556404
627,635,627,VARGEM GRANDE PAULISTA,VARGEM GRANDE PAULISTA,6091,2980,9071,10769,118.71899459817,3556453
628,637,628,VERA CRUZ,VERA CRUZ,2296,1327,3623,3587,99.00634833011316,3556602
629,638,629,VINHEDO,VINHEDO,12332,6603,18935,20436,107.92711909162928,3556701
630,639,630,VIRADOURO,VIRADOURO,3058,1585,4643,4651,100.17230239069568,3556800
631,640,631,VISTA ALEGRE DO ALTO,VISTA ALEGRE DO ALTO,1097,646,1743,1697,97.36087205966724,3556909
632,641,632,VITÓRIA BRASIL,VITORIA BRASIL,364,248,612,577,94.28104575163398,3556958
633,642,633,VOTORANTIM,VOTORANTIM,15566,9065,24631,26674,108.29442572368151,3557006
634,643,634,VOTUPORANGA,VOTUPORANGA,20021,12289,32310,33338,103.18167749922624,3557105
635,636,635,VÁRZEA PAULISTA,VARZEA PAULISTA,11892,5594,17486,21430,122.55518700674826,3556503
636,644,636,ZACARIAS,ZACARIAS,518,295,813,796,97.90897908979088,3557154
637,3,637,ÁGUAS DA PRATA,AGUAS DA PRATA,1895,949,2844,2901,102.0042194092827,3500402
638,4,638,ÁGUAS DE LINDÓIA,AGUAS DE LINDOIA,3547,2062,5609,5580,99.4829737921198,3500501
639,5,639,ÁGUAS DE SANTA BÁRBARA,AGUAS DE SANTA BARBARA,1036,664,1700,1740,102.35294117647058,3500550
640,6,640,ÁGUAS DE SÃO PEDRO,AGUAS DE SAO PEDRO,1162,663,1825,1735,95.06849315068492,3500600
641,14,641,ÁLVARES FLORENCE,ALVARES FLORENCE,954,503,1457,1460,100.20590253946466,3501202
642,15,642,ÁLVARES MACHADO,ALVARES MACHADO,4258,2477,6735,6874,102.06384558277657,3501301
643,16,643,ÁLVARO DE CARVALHO,ALVARO DE CARVALHO,599,373,972,1024,105.34979423868312,3501400
644,383,644,ÓLEO,OLEO,625,281,906,892,98.45474613686535,3533809
