,Município,Código IBGE,Populacao,Total 1ª Dose,Total 2ª Dose,Total Unica,Total Doses Aplicadas,distribuidas,Vacinas Aplicadas/Distribuidas,População Vacinada dose1/População Total,População Vacinada/População Total
0,ADAMANTINA,3500105,35111,7744,4375,0,12119,11379,106.50320766323931,22.055765999259492,12.460482469881235
1,ADOLFO,3500204,3554,765,494,0,1259,1104,114.03985507246377,21.525042205965107,13.89983117613956
2,AGUAÍ,3500303,36648,4578,2752,0,7330,6773,108.22382991288941,12.491814014407336,7.509277450338354
3,ÁGUAS DA PRATA,3500402,8221,1681,907,0,2588,2531,102.25207427894114,20.447634107772778,11.032721080160563
4,ÁGUAS DE LINDÓIA,3500501,18808,3305,1716,0,5021,4823,104.1053286336305,17.57230965546576,9.1237771161208
5,ÁGUAS DE SANTA BÁRBARA,3500550,6109,963,596,0,1559,1521,102.49835634451019,15.763627434932067,9.75609756097561
6,ÁGUAS DE SÃO PEDRO,3500600,3521,1125,595,0,1720,1542,111.54345006485084,31.951150241408694,16.898608349900595
7,AGUDOS,3500709,37401,6421,3332,0,9753,10258,95.07701306297524,17.16799016069089,8.908852704473142
8,ALAMBARI,3500758,6129,837,341,0,1178,1142,103.15236427320491,13.656387665198238,5.563713493228912
9,ALFREDO MARCONDES,3500808,4184,1086,619,0,1705,1545,110.35598705501619,25.95602294455067,14.794455066921605
10,ALTAIR,3500907,4186,520,341,0,861,883,97.50849377123443,12.422360248447205,8.146201624462494
11,ALTINÓPOLIS,3501004,16203,3008,1870,0,4878,4460,109.37219730941703,18.564463370980683,11.541072640868975
12,ALTO ALEGRE,3501103,4088,919,527,0,1446,1421,101.75932441942295,22.480430528375734,12.891389432485322
13,ALUMÍNIO,3501152,18767,1833,818,0,2651,2907,91.1936704506364,9.767144455693504,4.35871476527948
14,ÁLVARES FLORENCE,3501202,3647,820,455,0,1275,1291,98.76065065840433,22.484233616671236,12.476007677543185
15,ÁLVARES MACHADO,3501301,24998,3914,1903,0,5817,5986,97.17674574006014,15.657252580206416,7.612609008720697
16,ÁLVARO DE CARVALHO,3501400,5274,551,312,0,863,891,96.8574635241302,10.447478194918467,5.915813424345847
17,ALVINLÂNDIA,3501509,3237,530,264,0,794,699,113.59084406294706,16.373185047883844,8.155699721964782
18,AMERICANA,3501608,242018,34887,19262,0,54149,55941,96.79662501564148,14.415043509160474,7.958912147030387
19,AMÉRICO BRASILIENSE,3501707,41032,4714,2800,0,7514,7368,101.9815418023887,11.488594267888477,6.823942288945213
20,AMÉRICO DE CAMPOS,3501806,5981,1068,491,0,1559,1731,90.06354708261121,17.856545728139107,8.20932954355459
21,AMPARO,3501905,72677,11563,6664,0,18227,18730,97.31446876668446,15.91012287243557,9.169338305103402
22,ANALÂNDIA,3502002,5056,743,485,0,1228,1131,108.5764809902741,14.695411392405063,9.592563291139241
23,ANDRADINA,3502101,57202,10920,5185,0,16105,16367,98.39921793853486,19.090241599944058,9.064368378728016
24,ANGATUBA,3502200,25479,3445,1355,0,4800,5074,94.59992116673236,13.520938812355274,5.318105106165862
25,ANHEMBI,3502309,6819,893,354,0,1247,1277,97.65074393108848,13.095761841912305,5.1913770347558295
26,ANHUMAS,3502408,4144,712,360,0,1072,986,108.72210953346857,17.18146718146718,8.687258687258687
27,APARECIDA,3502507,36185,5299,2882,0,8181,8048,101.65258449304176,14.644189581318226,7.964626226336879
28,APARECIDA D'OESTE,3502606,4158,1064,654,0,1718,1464,117.34972677595627,25.589225589225588,15.728715728715729
29,APIAÍ,3502705,24226,3431,1859,0,5290,4979,106.246234183571,14.162470073474779,7.673573846280855
30,ARAÇARIGUAMA,3502754,22860,1986,1092,0,3078,2896,106.28453038674033,8.68766404199475,4.776902887139108
31,ARAÇATUBA,3502804,198129,33883,19723,0,53606,54793,97.83366488420053,17.1014843864351,9.954625521756027
32,ARAÇOIABA DA SERRA,3502903,34776,4330,2415,0,6745,6738,100.10388839418225,12.451115711985278,6.944444444444445
33,ARAMINA,3503000,5655,838,543,0,1381,1289,107.13731574864237,14.818744473916887,9.60212201591512
34,ARANDU,3503109,6365,978,512,0,1490,1365,109.15750915750915,15.365278868813824,8.043990573448546
35,ARAPEÍ,3503158,2460,425,268,0,693,628,110.35031847133759,17.276422764227643,10.894308943089431
36,ARARAQUARA,3503208,238339,41657,22444,0,64101,64004,100.15155302793575,17.47804597652923,9.416839040190652
37,ARARAS,3503307,135506,19792,13449,0,33241,31057,107.03223105902052,14.605995306480892,9.925021770253716
38,ARCO-ÍRIS,3503356,1773,527,357,0,884,922,95.87852494577007,29.723632261703326,20.135363790186126
39,AREALVA,3503406,8613,1624,694,0,2318,2543,91.15218246165946,18.855218855218855,8.057587367932195
40,AREIAS,3503505,3896,606,333,0,939,908,103.41409691629957,15.554414784394249,8.547227926078028
41,AREIÓPOLIS,3503604,11158,1128,476,0,1604,1751,91.60479725870931,10.109338591145367,4.265997490589712
42,ARIRANHA,3503703,9761,1533,801,0,2334,2136,109.26966292134833,15.705358057576069,8.20612642147321
43,ARTUR NOGUEIRA,3503802,55340,6371,3350,0,9721,9651,100.72531343902187,11.51246837730394,6.053487531622697
44,ARUJÁ,3503901,91157,9380,4830,0,14210,14514,97.90547058012953,10.289939335432276,5.298550851827068
45,ASPÁSIA,3503950,1818,393,235,0,628,570,110.17543859649123,21.61716171617162,12.926292629262925
46,ASSIS,3504008,105087,18555,10991,0,29546,28437,103.89984878855012,17.65679865254503,10.458953057942466
47,ATIBAIA,3504107,144088,22487,12858,0,35345,35613,99.24746581304579,15.606434956415525,8.923713286325023
48,AURIFLAMA,3504206,15253,2522,1087,0,3609,4193,86.0720248032435,16.53445223890382,7.126466924539435
49,AVAÍ,3504305,5436,1139,752,0,1891,1965,96.23409669211196,20.95290654893304,13.833701250919795
50,AVANHANDAVA,3504404,13859,1408,745,0,2153,1952,110.29713114754098,10.1594631647305,5.375568222815499
51,AVARÉ,3504503,91232,14018,6703,0,20721,22294,92.94428994348254,15.365222728867064,7.347202735882147
52,BADY BASSITT,3504602,17761,2840,1578,0,4418,3943,112.04666497590668,15.990090648049096,8.88463487416249
53,BALBINOS,3504701,5934,332,107,0,439,434,101.15207373271889,5.594876980114593,1.8031681833501856
54,BÁLSAMO,3504800,9139,1797,1128,0,2925,2496,117.1875,19.66298282087756,12.342707079549186
55,BANANAL,3504909,10993,1905,1113,0,3018,2961,101.92502532928064,17.329209496952604,10.12462476121168
56,BARÃO DE ANTONINA,3505005,3498,604,359,0,963,981,98.1651376146789,17.26700971983991,10.263007432818753
57,BARBOSA,3505104,7468,1059,581,0,1640,1619,101.2970969734404,14.180503481521157,7.7798607391537224
58,BARIRI,3505203,35558,5708,3307,0,9015,8872,101.61181244364292,16.052646380561335,9.300298104505316
59,BARRA BONITA,3505302,36126,6430,3077,0,9507,9490,100.17913593256058,17.79881525770913,8.517411282732658
60,BARRA DO CHAPÉU,3505351,5760,655,252,0,907,1124,80.69395017793595,11.371527777777777,4.375
61,BARRA DO TURVO,3505401,7632,1796,1067,0,2863,3018,94.86414844267726,23.532494758909852,13.980607966457024
62,BARRETOS,3505500,122833,22139,12459,0,34598,36321,95.25618788028964,18.0236581374712,10.143039736878526
63,BARRINHA,3505609,33180,2909,1649,0,4558,4576,99.60664335664336,8.767329716696805,4.969861362266426
64,BARUERI,3505708,276982,33173,18040,0,51213,48462,105.67661260368948,11.976590536569164,6.513058610306807
65,BASTOS,3505807,20953,3267,1743,0,5010,4771,105.00943198490882,15.592039326110818,8.318617859017802
66,BATATAIS,3505906,62980,9765,4922,0,14687,15221,96.49168911372445,15.504922197523024,7.815179422038742
67,BAURU,3506003,379297,66361,38361,0,104722,107577,97.3460869888545,17.495788260914267,10.113710364173722
68,BEBEDOURO,3506102,77555,13090,7107,0,20197,22107,91.3602026507441,16.878344400747856,9.163819225066081
69,BENTO DE ABREU,3506201,3005,410,215,0,625,579,107.9447322970639,13.643926788685523,7.154742096505824
70,BERNARDINO DE CAMPOS,3506300,11158,2268,1208,0,3476,3279,106.00792924672156,20.326223337515685,10.826312959311704
71,BERTIOGA,3506359,64723,7028,3779,0,10807,9978,108.30827821206654,10.858581956955025,5.838728118288707
72,BILAC,3506409,8117,1591,879,0,2470,2325,106.23655913978493,19.60083774793643,10.829124060613529
73,BIRIGUI,3506508,124883,15307,7331,0,22638,27376,82.69286966686148,12.257072619972293,5.870294595741614
74,BIRITIBA MIRIM,3506607,32936,3668,2277,0,5945,5562,106.88601222581806,11.136750060723829,6.91340782122905
75,BOA ESPERANÇA DO SUL,3506706,15018,1849,1035,0,2884,2599,110.96575606002308,12.311892395791716,6.8917299240910905
76,BOCAINA,3506805,12452,1680,991,0,2671,2452,108.93148450244698,13.491808544812079,7.9585608737552205
77,BOFETE,3506904,11921,1636,728,0,2364,2519,93.84676458912267,13.723680899253418,6.106870229007633
78,BOITUVA,3507001,62170,6698,3511,0,10209,10193,100.15697046993036,10.773685057101495,5.647418368988258
79,BOM JESUS DOS PERDÕES,3507100,25985,2892,1346,0,4238,4086,103.72001957905042,11.129497787184913,5.179911487396574
80,BOM SUCESSO DE ITARARÉ,3507159,3984,351,165,0,516,566,91.16607773851591,8.810240963855422,4.141566265060241
81,BORÁ,3507209,838,157,109,0,266,262,101.52671755725191,18.73508353221957,13.007159904534607
82,BORACÉIA,3507308,4868,764,436,0,1200,1198,100.1669449081803,15.694330320460148,8.95645028759244
83,BORBOREMA,3507407,16164,2560,1447,0,4007,3909,102.50703504732668,15.837663944568176,8.951992081168028
84,BOREBI,3507456,2683,370,152,0,522,551,94.73684210526315,13.790532985464033,5.665300037271711
85,BOTUCATU,3507506,148130,28177,15732,0,43909,41929,104.72226859691382,19.02180517113346,10.620400999122392
86,BRAGANÇA PAULISTA,3507605,170533,26804,14353,0,41157,40162,102.47746626164036,15.717778963602353,8.416552807960922
87,BRAÚNA,3507704,5741,1011,627,0,1638,1564,104.73145780051152,17.610172443825117,10.921442257446438
88,BREJO ALEGRE,3507753,2889,451,322,0,773,760,101.71052631578948,15.610938040844582,11.145725164416753
89,BRODOWSKI,3507803,25277,3451,2101,0,5552,5556,99.92800575953925,13.652727776239267,8.311904102543814
90,BROTAS,3507902,24636,3450,1936,0,5386,5134,104.9084534476042,14.003896736483195,7.858418574443904
91,BURI,3508009,19965,2181,907,0,3088,3498,88.27901658090337,10.92411720510894,4.542950162784874
92,BURITAMA,3508108,17281,2671,1710,0,4381,4017,109.06148867313917,15.456281465192987,9.895260690932238
93,BURITIZAL,3508207,4514,855,458,0,1313,1207,108.7821043910522,18.941072219760745,10.146211785556048
94,CABRÁLIA PAULISTA,3508306,4243,696,386,0,1082,1004,107.76892430278883,16.403488098043837,9.09733679000707
95,CABREÚVA,3508405,50429,4130,1445,0,5575,7048,79.10045402951191,8.189732098594064,2.8654147415177778
96,CAÇAPAVA,3508504,95018,12502,7753,0,20255,21356,94.84454017606294,13.157506998673934,8.159506619798353
97,CACHOEIRA PAULISTA,3508603,33581,5197,2514,0,7711,8171,94.37033410843226,15.476013221762305,7.486376224650844
98,CACONDE,3508702,19009,3021,1704,0,4725,4825,97.92746113989638,15.892471986953549,8.964174864537851
99,CAFELÂNDIA,3508801,17843,2867,1316,0,4183,4620,90.54112554112554,16.067925797231407,7.375441349548844
100,CAIABU,3508900,4193,671,373,0,1044,1097,95.16864175022789,16.002861912711662,8.895778678750297
101,CAIEIRAS,3509007,102775,10898,5700,0,16598,16232,102.25480532281912,10.603746047190464,5.546095840428119
102,CAIUÁ,3509106,5946,922,513,0,1435,1502,95.5392809587217,15.506222670702993,8.627648839556004
103,CAJAMAR,3509205,77934,6771,2785,0,9556,10131,94.32435100187543,8.688120717530218,3.573536582236251
104,CAJATI,3509254,28494,3062,1696,0,4758,5321,89.41928208983273,10.74612199059451,5.952130273039939
105,CAJOBI,3509304,10596,1719,1007,0,2726,2639,103.29670329670331,16.223103057757644,9.503586258965647
106,CAJURU,3509403,26393,4109,2170,0,6279,6310,99.50871632329635,15.568521956579396,8.221877012844313
107,CAMPINA DO MONTE ALEGRE,3509452,6057,961,422,0,1383,1251,110.55155875299761,15.86594023443949,6.967145451543669
108,CAMPINAS,3509502,1213792,172799,106068,0,278867,303644,91.84011539829538,14.23629419208563,8.738564762331603
109,CAMPO LIMPO PAULISTA,3509601,85541,8784,3514,0,12298,14219,86.48990786975173,10.268760009819852,4.107971615950246
110,CAMPOS DO JORDÃO,3509700,52405,6320,3044,0,9364,9461,98.97473839974633,12.059917946760805,5.808606049041122
111,CAMPOS NOVOS PAULISTA,3509809,4997,777,413,0,1190,1140,104.3859649122807,15.549329597758653,8.26495897538523
112,CANANÉIA,3509908,12541,1815,1055,0,2870,3049,94.1292226959659,14.472530101267841,8.41240730404274
113,CANAS,3509957,5204,550,274,0,824,822,100.24330900243311,10.56879323597233,5.265180630284397
114,CÂNDIDO MOTA,3510005,31346,4739,2643,0,7382,7268,101.5685195376995,15.118356409111211,8.4316978242838
115,CÂNDIDO RODRIGUES,3510104,2799,648,318,0,966,920,105.0,23.15112540192926,11.361200428724544
116,CANITAR,3510153,5292,555,282,0,837,768,108.984375,10.487528344671201,5.328798185941043
117,CAPÃO BONITO,3510203,47118,6070,2853,0,8923,9191,97.08410401479708,12.882550193132136,6.055010823888959
118,CAPELA DO ALTO,3510302,20985,2384,931,0,3315,3350,98.955223880597,11.360495592089588,4.436502263521563
119,CAPIVARI,3510401,56379,6793,3785,0,10578,10467,101.06047578102608,12.04881250110857,6.713492612497561
120,CARAGUATATUBA,3510500,123389,14355,7896,0,22251,26840,82.90238450074516,11.633938195463129,6.39927384126624
121,CARAPICUÍBA,3510609,403183,41947,20794,0,62741,62999,99.59046968999507,10.403960484445028,5.157459515902208
122,CARDOSO,3510708,12349,2178,1084,0,3262,3429,95.12977544473607,17.637055632034983,8.778038707587658
123,CASA BRANCA,3510807,30520,4610,2319,0,6929,8278,83.7037931867601,15.104849279161206,7.598296199213631
124,CÁSSIA DOS COQUEIROS,3510906,2505,549,261,0,810,702,115.38461538461537,21.916167664670656,10.419161676646707
125,CASTILHO,3511003,21267,3616,1568,0,5184,5052,102.61282660332543,17.002868293600415,7.372925189260357
126,CATANDUVA,3511102,122497,24743,15283,0,40026,37657,106.2909950341238,20.198862012947256,12.476223907524266
127,CATIGUÁ,3511201,7855,1131,706,0,1837,1602,114.66916354556804,14.398472310630172,8.987905792488862
128,CEDRAL,3511300,9346,1984,1126,0,3110,3082,100.9085009733939,21.228332976674512,12.0479349454312
129,CERQUEIRA CÉSAR,3511409,20191,3033,1627,0,4660,4364,106.78276810265812,15.02154425238968,8.058045663909663
130,CERQUILHO,3511508,49802,5962,1842,0,7804,9366,83.32265641682682,11.971406770812418,3.6986466406971603
131,CESÁRIO LANGE,3511607,18375,2233,1287,0,3520,3320,106.02409638554218,12.152380952380952,7.004081632653062
132,CHARQUEADA,3511706,17367,2013,1098,0,3111,3192,97.4624060150376,11.590948350319572,6.322335463810676
133,CLEMENTINA,3511904,8757,1003,573,0,1576,1460,107.94520547945206,11.453694187507137,6.543336759164098
134,COLINA,3512001,18535,2969,1543,0,4512,4377,103.08430431802604,16.018343674130026,8.3247909360669
135,COLÔMBIA,3512100,6216,975,545,0,1520,1478,102.84167794316643,15.685328185328185,8.767696267696268
136,CONCHAL,3512209,28273,3384,1938,0,5322,4889,108.85661689507056,11.96901637604782,6.8545962579139115
137,CONCHAS,3512308,18019,2742,1215,0,3957,4324,91.51248843663275,15.217270658749099,6.742882512903046
138,CORDEIRÓPOLIS,3512407,24826,2961,1508,0,4469,5207,85.8267716535433,11.927012003544672,6.074276967695158
139,COROADOS,3512506,6129,835,430,0,1265,1195,105.85774058577407,13.623755914504812,7.015826399086311
140,CORONEL MACEDO,3512605,4635,829,493,0,1322,1121,117.93041926851026,17.885652642934197,10.636461704422869
141,CORUMBATAÍ,3512704,4064,569,355,0,924,940,98.29787234042553,14.000984251968504,8.73523622047244
142,COSMÓPOLIS,3512803,73474,6367,3014,0,9381,10560,88.83522727272727,8.665650434167189,4.1021313661975665
143,COSMORAMA,3512902,7298,1544,908,0,2452,2261,108.44758956214065,21.156481227733625,12.441764867086873
144,COTIA,3513009,253608,27254,9845,0,37099,40747,91.04719365842884,10.746506419355855,3.8819753320084542
145,CRAVINHOS,3513108,35579,4379,2441,0,6820,7135,95.58514365802382,12.307822029849067,6.860788667472385
146,CRISTAIS PAULISTA,3513207,8718,1145,689,0,1834,1707,107.43995313415348,13.133746272080751,7.9031888047717365
147,CRUZÁLIA,3513306,2046,459,209,0,668,555,120.36036036036035,22.434017595307918,10.21505376344086
148,CRUZEIRO,3513405,82571,11380,6213,0,17593,18075,97.33333333333334,13.782078453694396,7.524433517821026
149,CUBATÃO,3513504,131626,13799,7179,0,20978,21553,97.33215793625017,10.48349110358136,5.454089617552763
150,CUNHA,3513603,21459,3462,1919,0,5381,5247,102.55384028968935,16.133091010764712,8.942634791928795
151,DESCALVADO,3513702,33910,6185,3831,0,10016,8633,116.01992354917179,18.239457387201416,11.297552344441169
152,DIADEMA,3513801,426757,44633,17649,0,62282,67813,91.84374677421732,10.458645083736178,4.135608789076688
153,DIRCE REIS,3513850,1799,357,235,0,592,583,101.54373927958832,19.844357976653697,13.062812673707617
154,DIVINOLÂNDIA,3513900,11086,2644,1547,0,4191,3643,115.04254735108428,23.849900775753202,13.954537254194479
155,DOBRADA,3514007,9010,897,390,0,1287,1390,92.58992805755396,9.955604883462819,4.328523862375139
156,DOIS CÓRREGOS,3514106,27512,4013,2088,0,6101,6037,101.06012920324665,14.586362314626344,7.589415527769701
157,DOLCINÓPOLIS,3514205,2112,481,274,0,755,666,113.36336336336336,22.77462121212121,12.973484848484848
158,DOURADO,3514304,8878,1576,581,0,2157,2434,88.61955628594906,17.751745888713675,6.544266726740257
159,DRACENA,3514403,47043,9656,5590,0,15246,15366,99.21905505661852,20.525901834491847,11.882745573198989
160,DUARTINA,3514502,12433,2693,1518,0,4211,3558,118.3530073074761,21.66009812595512,12.209442612402476
161,DUMONT,3514601,10023,1197,615,0,1812,1637,110.69028711056812,11.942532175995211,6.135887458844657
162,ECHAPORÃ,3514700,6064,1150,676,0,1826,2002,91.20879120879121,18.964379947229553,11.147757255936677
163,ELDORADO,3514809,15544,3486,1994,0,5480,5534,99.0242139501265,22.426659804426144,12.828100874935666
164,ELIAS FAUSTO,3514908,17936,2091,1069,0,3160,3056,103.40314136125654,11.658117752007136,5.960080285459411
165,ELISIÁRIO,3514924,3697,514,308,0,822,793,103.65699873896594,13.903164728157966,8.331079253448742
166,EMBAÚBA,3514957,2449,438,264,0,702,634,110.72555205047318,17.88485095957534,10.779910167415272
167,EMBU DAS ARTES,3515004,276535,24539,12173,0,36712,36197,101.42276984280466,8.873741117760863,4.401974433615998
168,EMBU-GUAÇU,3515103,69901,6967,4439,0,11406,12765,89.35370152761458,9.96695326247121,6.350409865381039
169,EMILIANÓPOLIS,3515129,3227,635,389,0,1024,891,114.92704826038161,19.677719243879764,12.0545398202665
170,ENGENHEIRO COELHO,3515152,21249,1918,1110,0,3028,2771,109.27463009743774,9.026307120335074,5.223775236481717
171,ESPÍRITO SANTO DO PINHAL,3515186,44471,7898,4395,0,12293,11703,105.0414423652055,17.759888466641183,9.882845000112434
172,ESPÍRITO SANTO DO TURVO,3515194,4878,541,303,0,844,780,108.2051282051282,11.090610906109061,6.211562115621156
173,ESTRELA D'OESTE,3515202,8419,1663,963,0,2626,2486,105.63153660498794,19.75293977907115,11.438413113196342
174,ESTRELA DO NORTE,3515301,2770,451,249,0,700,578,121.10726643598615,16.28158844765343,8.989169675090253
175,EUCLIDES DA CUNHA PAULISTA,3515350,9325,1193,585,0,1778,1894,93.8753959873284,12.793565683646113,6.273458445040214
176,FARTURA,3515400,16070,2566,1547,0,4113,4112,100.02431906614785,15.96764156813939,9.626633478531426
177,FERNANDÓPOLIS,3515509,69402,14847,8581,0,23428,22243,105.3275187699501,21.39275525201003,12.364196997204692
178,FERNANDO PRESTES,3515608,5794,1210,722,0,1932,1960,98.57142857142858,20.883672764929237,12.461166724197446
179,FERNÃO,3515657,1727,357,206,0,563,508,110.8267716535433,20.67168500289519,11.928199189345687
180,FERRAZ DE VASCONCELOS,3515707,196500,16350,9515,0,25865,27339,94.6084348366802,8.3206106870229,4.842239185750636
181,FLORA RICA,3515806,1430,485,260,0,745,678,109.882005899705,33.91608391608392,18.181818181818183
182,FLOREAL,3515905,2900,777,436,0,1213,1079,112.41890639481001,26.79310344827586,15.03448275862069
183,FLÓRIDA PAULISTA,3516002,14790,2057,1170,0,3227,2968,108.72641509433963,13.908045977011493,7.910750507099391
184,FLORÍNEA,3516101,2653,599,362,0,961,836,114.95215311004785,22.57821334338485,13.644930267621561
185,FRANCA,3516200,355901,48516,23441,0,71957,72506,99.24282128375582,13.63188077583373,6.586382168074829
186,FRANCISCO MORATO,3516309,177633,14979,7091,0,22070,22953,96.15300832135233,8.432554761784129,3.9919384348628912
187,FRANCO DA ROCHA,3516408,156492,17646,9269,0,26915,25281,106.46335192437009,11.275975768729392,5.922986478542034
188,GABRIEL MONTEIRO,3516507,2776,524,270,0,794,804,98.75621890547264,18.876080691642652,9.72622478386167
189,GÁLIA,3516606,6482,1303,852,0,2155,2078,103.70548604427334,20.101820425794507,13.14409132983647
190,GARÇA,3516705,44409,7479,4234,0,11713,11832,98.99425287356321,16.841180841721272,9.534103447499382
191,GASTÃO VIDIGAL,3516804,4860,664,382,0,1046,995,105.12562814070353,13.662551440329217,7.860082304526748
192,GAVIÃO PEIXOTO,3516853,4815,670,347,0,1017,907,112.12789415656007,13.91484942886812,7.206645898234683
193,GENERAL SALGADO,3516903,10862,2183,1331,0,3514,3203,109.7096472057446,20.09758792119315,12.25372859510219
194,GETULINA,3517000,11447,1567,944,0,2511,2715,92.48618784530387,13.689176203372064,8.246702192714249
195,GLICÉRIO,3517109,4829,684,407,0,1091,1096,99.54379562043796,14.164423276040589,8.428246013667426
196,GUAIÇARA,3517208,12294,1516,670,0,2186,2252,97.06927175843695,12.331218480559622,5.449812916870018
197,GUAIMBÊ,3517307,5785,968,510,0,1478,1461,101.16358658453115,16.732929991356958,8.815903197925671
198,GUAÍRA,3517406,41040,5938,3317,0,9255,8618,107.39150614991877,14.468810916179336,8.082358674463938
199,GUAPIAÇU,3517505,21775,2895,1640,0,4535,4648,97.56884681583476,13.295063145809413,7.531572904707233
200,GUAPIARA,3517604,17025,2485,1075,0,3560,3949,90.14940491263611,14.596182085168868,6.31424375917768
201,GUARÁ,3517703,21308,2975,1967,0,4942,4405,112.19069239500567,13.961892247043364,9.231274638633376
202,GUARAÇAÍ,3517802,8290,1635,898,0,2533,2470,102.5506072874494,19.722557297949336,10.83232810615199
203,GUARACI,3517901,11287,1663,978,0,2641,2598,101.65511932255582,14.73376450784088,8.664835651634624
204,GUARANI D'OESTE,3518008,1998,382,209,0,591,557,106.10412926391382,19.11911911911912,10.46046046046046
205,GUARANTÃ,3518107,6675,916,552,0,1468,1428,102.80112044817926,13.722846441947564,8.269662921348313
206,GUARARAPES,3518206,33100,5165,3042,0,8207,8014,102.40828550037435,15.604229607250755,9.190332326283988
207,GUARAREMA,3518305,30136,3988,2032,0,6020,6278,95.8904109589041,13.233342182107776,6.742766126891425
208,GUARATINGUETÁ,3518404,122505,17514,8074,0,25588,29848,85.72768694719915,14.29655932410922,6.590751397902126
209,GUAREÍ,3518503,18887,1814,840,0,2654,2435,108.99383983572895,9.604489860750782,4.4475035738868005
210,GUARIBA,3518602,40487,3964,2172,0,6136,6218,98.6812479897073,9.790797045965371,5.364684960604638
211,GUARUJÁ,3518701,322750,37767,16053,0,53820,62245,86.464776287252,11.701626646010844,4.973818745158791
212,GUARULHOS,3518800,1392121,120375,67559,0,187934,222810,84.34720165163144,8.646877678017932,4.852954592309146
213,GUATAPARÁ,3518859,7709,1065,644,0,1709,1595,107.1473354231975,13.815021403554287,8.35387209754832
214,GUZOLÂNDIA,3518909,5307,716,359,0,1075,1003,107.17846460618145,13.49161484831355,6.764650461654418
215,HERCULÂNDIA,3519006,9588,1318,712,0,2030,2175,93.33333333333333,13.746349603671257,7.425949103045474
216,HOLAMBRA,3519055,15272,1895,1048,0,2943,2574,114.33566433566433,12.408328968046098,6.862231534834992
217,HORTOLÂNDIA,3519071,234259,24822,7224,0,32046,37713,84.97335136425104,10.595964295928866,3.083766258713646
218,IACANGA,3519105,11858,1836,997,0,2833,2619,108.17105765559374,15.483218080620679,8.407825940293472
219,IACRI,3519204,6295,1102,635,0,1737,1712,101.46028037383176,17.50595710881652,10.087370929308975
220,IARAS,3519253,9517,736,354,0,1090,1118,97.49552772808586,7.733529473573605,3.719659556582957
221,IBATÉ,3519303,35472,3588,1805,0,5393,5067,106.43378725083876,10.115020297699594,5.088520523229589
222,IBIRÁ,3519402,12518,2095,1219,0,3314,3151,105.17296096477308,16.73590030356287,9.737977312669756
223,IBIRAREMA,3519501,7841,1156,717,0,1873,1811,103.42352291551629,14.743017472261192,9.144241805892106
224,IBITINGA,3519600,60600,8423,3664,0,12087,13108,92.2108635947513,13.8993399339934,6.0462046204620465
225,IBIÚNA,3519709,79479,10765,5567,0,16332,17675,92.40169731258841,13.544458284578317,7.004365933139571
226,ICÉM,3519808,8304,1249,537,0,1786,1763,101.30459444129325,15.040944123314064,6.466763005780347
227,IEPÊ,3519907,8194,1432,886,0,2318,2125,109.08235294117648,17.4762020990969,10.812789846228949
228,IGARAÇU DO TIETÊ,3520004,24749,2706,1211,0,3917,4219,92.84190566484949,10.933775102024326,4.893126995030102
229,IGARAPAVA,3520103,30614,4179,2415,0,6594,6564,100.45703839122486,13.650617364604429,7.8885477232638666
230,IGARATÁ,3520202,9583,1458,843,0,2301,2198,104.68607825295723,15.21444224146927,8.796827715746634
231,IGUAPE,3520301,30989,5120,3164,0,8284,8115,102.08256315465188,16.521991674465134,10.210074542579624
232,ILHABELA,3520400,35591,4045,2289,0,6334,6096,103.90419947506561,11.36523278356888,6.431401196931809
233,ILHA COMPRIDA,3520426,11362,1933,1095,0,3028,2837,106.73246387028553,17.012849850378455,9.637387783840873
234,ILHA SOLTEIRA,3520442,26788,5038,2935,0,7973,7899,100.93682744651223,18.806928475436763,10.956398387337615
235,INDAIATUBA,3520509,256223,29861,20728,0,50589,47045,107.53321288128387,11.65430113611971,8.089828001389415
236,INDIANA,3520608,4879,974,507,0,1481,1298,114.09861325115563,19.96310719409715,10.391473662635786
237,INDIAPORÃ,3520707,3886,866,621,0,1487,1413,105.23708421797593,22.285126093669582,15.980442614513638
238,INÚBIA PAULISTA,3520806,4019,702,388,0,1090,1015,107.38916256157636,17.467031599900473,9.654142821597413
239,IPAUSSU,3520905,15069,2132,1210,0,3342,3133,106.6709224385573,14.148251376999138,8.029729909084876
240,IPERÓ,3521002,37964,2986,1702,0,4688,4614,101.60381447767664,7.865346117374354,4.483194605415657
241,IPEÚNA,3521101,7687,754,386,0,1140,1180,96.61016949152543,9.808768049954468,5.021464810719396
242,IPIGUÁ,3521150,5476,841,529,0,1370,1278,107.19874804381845,15.357925493060629,9.660336011687363
243,IPORANGA,3521200,4199,847,493,0,1340,1565,85.62300319488818,20.17146939747559,11.740890688259109
244,IPUÃ,3521309,16604,1947,1085,0,3032,2860,106.01398601398601,11.72609009877138,6.534569983136594
245,IRACEMÁPOLIS,3521408,24614,2712,1546,0,4258,4426,96.20424762765477,11.01811976923702,6.280978305029658
246,IRAPUÃ,3521507,8048,1215,708,0,1923,1720,111.80232558139535,15.096918489065606,8.797216699801194
247,IRAPURU,3521606,8325,1262,734,0,1996,1897,105.21876647337902,15.159159159159158,8.816816816816816
248,ITABERÁ,3521705,17480,2721,1494,0,4215,3963,106.35881907645724,15.566361556064074,8.546910755148742
249,ITAÍ,3521804,27382,3139,1738,0,4877,4549,107.2103759067927,11.463735300562414,6.347235410123439
250,ITAJOBI,3521903,15297,2932,1681,0,4613,4606,100.15197568389058,19.167156958880827,10.989082826698045
251,ITAJU,3522000,3887,569,344,0,913,835,109.34131736526946,14.638538718806277,8.85001286339079
252,ITANHAÉM,3522109,103102,16298,9707,0,26005,26410,98.466489965922,15.807646796376403,9.414948303621657
253,ITAOCA,3522158,3330,651,398,0,1049,1079,97.21964782205747,19.54954954954955,11.951951951951951
254,ITAPECERICA DA SERRA,3522208,177662,16178,8692,0,24870,26788,92.84007764670748,9.10605531852619,4.892436199074647
255,ITAPETININGA,3522307,165526,23835,12486,0,36321,34288,105.92918805412972,14.399550523784782,7.543225837632758
256,ITAPEVA,3522406,94804,12531,6642,0,19173,18904,101.42297926364789,13.217796717438082,7.006033500696174
257,ITAPEVI,3522505,240961,17990,9646,0,27636,30686,90.06061396076387,7.465938471370885,4.003137437178631
258,ITAPIRA,3522604,75234,12348,7005,0,19353,20014,96.69731188168282,16.412792088683307,9.310949836510089
259,ITAPIRAPUÃ PAULISTA,3522653,4268,503,288,0,791,807,98.01734820322181,11.785379568884725,6.747891283973758
260,ITÁPOLIS,3522703,43331,6821,3356,0,10177,10803,94.20531333888734,15.741616856292262,7.745032424822875
261,ITAPORANGA,3522802,15173,2441,1195,0,3636,3942,92.23744292237443,16.087787517300466,7.875832070124564
262,ITAPUÍ,3522901,14147,1860,1053,0,2913,2607,111.73762945914845,13.14766381564996,7.443274192408285
263,ITAPURA,3523008,4951,752,370,0,1122,1033,108.61568247821877,15.188850737224804,7.473237729751565
264,ITAQUAQUECETUBA,3523107,375011,23744,12996,0,36740,42135,87.19591788299513,6.331547607936834,3.465498345381869
265,ITARARÉ,3523206,50642,6726,3044,0,9770,10483,93.19851187637127,13.281465976857154,6.0108210576201575
266,ITARIRI,3523305,17598,2167,1232,0,3399,3238,104.97220506485485,12.313899306739403,7.000795544948289
267,ITATIBA,3523404,122581,15342,9974,0,25316,24287,104.23683452052539,12.515805875298783,8.13666065703494
268,ITATINGA,3523503,20921,2153,1140,0,3293,3300,99.7878787878788,10.291095071937288,5.449070312126572
269,ITIRAPINA,3523602,18387,1942,1221,0,3163,3099,102.0651823168764,10.56180997443846,6.640561266111927
270,ITIRAPUÃ,3523701,6543,1087,498,0,1585,1500,105.66666666666666,16.613174384838757,7.611187528656579
271,ITOBI,3523800,7852,1317,566,0,1883,1802,104.49500554938957,16.772796739684157,7.208354559347936
272,ITU,3523909,175568,23442,12013,0,35455,34134,103.87004160075,13.352091497311584,6.842363072997356
273,ITUPEVA,3524006,62813,5355,2481,0,7836,8086,96.90823645807569,8.525305271201821,3.9498193049209562
274,ITUVERAVA,3524105,42045,7332,3726,0,11058,11555,95.69883167459975,17.438458794149124,8.861933642525866
275,JABORANDI,3524204,6946,1085,614,0,1699,1619,104.94132180358247,15.62050100777426,8.83961992513677
276,JABOTICABAL,3524303,77652,12477,6860,0,19337,19189,100.7712752097556,16.067841137382167,8.83428630299284
277,JACAREÍ,3524402,235416,32153,19661,0,51814,50622,102.35470743945321,13.657950181805825,8.351598871784416
278,JACI,3524501,7196,1112,617,0,1729,1684,102.67220902612826,15.453029460811562,8.57420789327404
279,JACUPIRANGA,3524600,17889,2228,1327,0,3555,3637,97.74539455595271,12.454581027447034,7.4179663480351055
280,JAGUARIÚNA,3524709,58722,6697,3926,0,10623,10699,99.28965323862043,11.404584312523415,6.685739586526345
281,JALES,3524808,49201,10582,5225,0,15807,15143,104.38486429373309,21.507692933070466,10.619702851568057
282,JAMBEIRO,3524907,6717,891,442,0,1333,1211,110.07431874483898,13.264850379633767,6.580318594610689
283,JANDIRA,3525003,126356,10649,5397,0,16046,16468,97.43745445712898,8.42777549146855,4.271265313875084
284,JARDINÓPOLIS,3525102,44970,6042,3255,0,9297,9143,101.68434868205185,13.435623749166112,7.2381587725150105
285,JARINU,3525201,30617,3622,1358,0,4980,6038,82.47764160317986,11.830029068817977,4.435444360975929
286,JAÚ,3525300,151881,23573,11206,0,34779,38596,90.11037413203441,15.520703708824671,7.378144731730762
287,JERIQUARA,3525409,3151,473,291,0,764,672,113.69047619047619,15.011107584893685,9.235163440177722
288,JOANÓPOLIS,3525508,13338,2288,1184,0,3472,3438,100.98894706224549,17.15399610136452,8.876893087419404
289,JOÃO RAMALHO,3525607,4551,485,314,0,799,777,102.83140283140284,10.65699846187651,6.899582509338607
290,JOSÉ BONIFÁCIO,3525706,37366,5388,3130,0,8518,8464,100.63799621928166,14.419525772092276,8.376599047262218
291,JÚLIO MESQUITA,3525805,4800,667,360,0,1027,1045,98.27751196172248,13.895833333333332,7.5
292,JUMIRIM,3525854,3418,419,222,0,641,566,113.25088339222616,12.258630778232884,6.495026331187829
293,JUNDIAÍ,3525904,423006,59140,33883,0,93023,99033,93.93131582401826,13.980889159964635,8.010051866876593
294,JUNQUEIRÓPOLIS,3526001,20831,3496,1948,0,5444,5428,100.29476787030214,16.782679660121932,9.351447362104556
295,JUQUIÁ,3526100,18718,2885,1625,0,4510,4690,96.16204690831557,15.412971471311037,8.68148306442996
296,JUQUITIBA,3526209,31646,3958,2080,0,6038,5848,103.24897400820794,12.507109903305317,6.5727106111356886
297,LAGOINHA,3526308,4889,1029,651,0,1680,1491,112.67605633802818,21.04724892616077,13.315606463489466
298,LARANJAL PAULISTA,3526407,28785,4514,2387,0,6901,7020,98.3048433048433,15.681778704186208,8.292513461872502
299,LAVÍNIA,3526506,12285,1021,512,0,1533,1323,115.87301587301589,8.310948310948312,4.167684167684168
300,LAVRINHAS,3526605,7311,667,389,0,1056,1124,93.95017793594306,9.123238954999316,5.320749555464369
301,LEME,3526704,104346,13641,8937,0,22578,20490,110.19033674963397,13.072853774941063,8.564774883560462
302,LENÇÓIS PAULISTA,3526803,68990,8693,3713,0,12406,13348,92.94276296074318,12.600376866212496,5.381939411508915
303,LIMEIRA,3526902,308482,39766,16988,0,56754,63441,89.45949780110654,12.890865593454398,5.506966370809318
304,LINDÓIA,3527009,8092,1216,597,0,1813,1696,106.89858490566037,15.027187345526446,7.377656945130993
305,LINS,3527108,78503,13560,7122,0,20682,21242,97.36371339798512,17.27322522706139,9.072264754213215
306,LORENA,3527207,89125,11224,6473,0,17697,20902,84.66653908716869,12.593548387096773,7.262833099579242
307,LOURDES,3527256,2300,479,247,0,726,705,102.9787234042553,20.82608695652174,10.739130434782608
308,LOUVEIRA,3527306,49993,4125,2422,0,6547,6495,100.80061585835259,8.251155161722641,4.844678254955694
309,LUCÉLIA,3527405,21886,3292,2018,0,5310,5462,97.21713658000732,15.041579091656768,9.220506259709403
310,LUCIANÓPOLIS,3527504,2403,520,218,0,738,713,103.5063113604488,21.639617145235125,9.071993341656263
311,LUÍS ANTÔNIO,3527603,15292,1442,719,0,2161,2112,102.32007575757575,9.429767198535181,4.7018048652890405
312,LUIZIÂNIA,3527702,5855,734,399,0,1133,1172,96.67235494880546,12.536293766011955,6.814688300597779
313,LUPÉRCIO,3527801,4596,634,349,0,983,1068,92.04119850187266,13.79460400348129,7.593559617058311
314,LUTÉCIA,3527900,2636,566,271,0,837,786,106.48854961832062,21.471927162367223,10.280728376327769
315,MACATUBA,3528007,17214,2349,1347,0,3696,3648,101.3157894736842,13.645869640989892,7.825026141512723
316,MACAUBAL,3528106,8147,1586,766,0,2352,2384,98.65771812080537,19.46728857248067,9.402233951147663
317,MACEDÔNIA,3528205,3692,752,419,0,1171,1104,106.06884057971016,20.36836403033586,11.348862405200432
318,MAGDA,3528304,3102,715,430,0,1145,991,115.53985872855701,23.04964539007092,13.862024500322374
319,MAIRINQUE,3528403,47441,6387,2887,0,9274,9020,102.8159645232816,13.463038300204463,6.085453510676419
320,MAIRIPORÃ,3528502,101937,10543,4667,0,15210,16763,90.73554852949948,10.34266262495463,4.578317980713578
321,MANDURI,3528601,9910,1589,894,0,2483,2191,113.32724783204016,16.0343087790111,9.021190716448032
322,MARABÁ PAULISTA,3528700,5948,600,270,0,870,869,100.11507479861909,10.087424344317418,4.539340954942838
323,MARACAÍ,3528809,14036,2104,1152,0,3256,3091,105.33807829181494,14.990025648332859,8.207466514676547
324,MARAPOAMA,3528858,3064,596,329,0,925,917,100.8724100327154,19.451697127937337,10.737597911227153
325,MARIÁPOLIS,3528908,4091,617,347,0,964,939,102.66240681576144,15.081887069176242,8.48203373258372
326,MARÍLIA,3529005,240590,42479,20321,0,62800,68984,91.0356024585411,17.65617856103745,8.446319464649402
327,MARINÓPOLIS,3529104,2106,458,252,0,710,601,118.13643926788686,21.74738841405508,11.965811965811966
328,MARTINÓPOLIS,3529203,26628,3945,1965,0,5910,6066,97.42828882294758,14.815232086525462,7.379450202794051
329,MATÃO,3529302,83626,11161,6816,0,17977,18550,96.911051212938,13.346327697127688,8.150575179967953
330,MAUÁ,3529401,477552,44538,23905,0,68443,76585,89.36867532806684,9.326314202432405,5.005737595068181
331,MENDONÇA,3529500,5565,989,598,0,1587,1503,105.58882235528941,17.771787960467204,10.745732255166217
332,MERIDIANO,3529609,3824,764,414,0,1178,1100,107.09090909090908,19.97907949790795,10.826359832635983
333,MESÓPOLIS,3529658,1905,457,237,0,694,593,117.03204047217537,23.98950131233596,12.440944881889763
334,MIGUELÓPOLIS,3529708,22355,3057,1303,0,4360,4759,91.61588569027107,13.674793111160813,5.828673674793111
335,MINEIROS DO TIETÊ,3529807,12966,1818,979,0,2797,2638,106.027293404094,14.021286441462285,7.5505167360789756
336,MIRACATU,3529906,19643,2676,1537,0,4213,4279,98.45758354755783,13.623173649646183,7.824670366033702
337,MIRA ESTRELA,3530003,3106,644,348,0,992,931,106.55209452201933,20.734063103670316,11.204121056020606
338,MIRANDÓPOLIS,3530102,29706,4907,2977,0,7884,8169,96.51120088138083,16.518548441392312,10.021544469130815
339,MIRANTE DO PARANAPANEMA,3530201,18338,3164,1391,0,4555,4719,96.52468743377834,17.253789944377797,7.585341912967608
340,MIRASSOL,3530300,60303,9136,3785,0,12921,13886,93.05055451533919,15.150158366913752,6.276636319917748
341,MIRASSOLÂNDIA,3530409,4919,836,528,0,1364,1287,105.98290598290599,16.99532425289693,10.73388900182964
342,MOCOCA,3530508,68980,12217,6033,0,18250,18656,97.823756432247,17.710930704552045,8.746013337199187
343,MOGI DAS CRUZES,3530607,450785,52939,29522,0,82461,86342,95.50508443167868,11.743735927326775,6.5490200428142025
344,MOGI GUAÇU,3530706,153033,21067,12099,0,33166,33532,98.90850530836217,13.766311841236858,7.906137891827253
345,MOGI MIRIM,3530805,93650,15109,7271,0,22380,23314,95.99382345371879,16.133475707421248,7.764014949279232
346,MOMBUCA,3530904,3508,476,296,0,772,803,96.13947696139476,13.568985176738883,8.437856328392247
347,MONÇÕES,3531001,2267,499,342,0,841,729,115.36351165980795,22.011468901632114,15.086016762240847
348,MONGAGUÁ,3531100,57648,8568,4205,0,12773,13158,97.07402340781273,14.862614487926729,7.294268665001388
349,MONTE ALEGRE DO SUL,3531209,8111,1492,776,0,2268,2040,111.1764705882353,18.394772531130563,9.567254345949944
350,MONTE ALTO,3531308,50772,8251,4722,0,12973,12903,100.54250949391614,16.251083274245648,9.300401796265659
351,MONTE APRAZÍVEL,3531407,25373,4335,2204,0,6539,6691,97.72829173516664,17.085090450478855,8.686398927994325
352,MONTE AZUL PAULISTA,3531506,18968,2886,1781,0,4667,4946,94.35907804286292,15.215099114297765,9.38949810206664
353,MONTE CASTELO,3531605,4166,838,391,0,1229,1302,94.39324116743471,20.115218434949593,9.385501680268844
354,MONTEIRO LOBATO,3531704,4696,741,331,0,1072,1318,81.33535660091047,15.7793867120954,7.04855195911414
355,MONTE MOR,3531803,60754,6510,3023,0,9533,9438,101.00656918838737,10.715343845672713,4.975804062283965
356,MORRO AGUDO,3531902,33288,3687,1571,0,5258,5956,88.28072531900605,11.07606344628695,4.719418409036289
357,MORUNGABA,3532009,13781,1840,1030,0,2870,2793,102.75689223057644,13.35171613090487,7.474058486321747
358,MOTUCA,3532058,4795,542,348,0,890,892,99.77578475336323,11.303441084462982,7.257559958289886
359,MURUTINGA DO SUL,3532108,4506,807,515,0,1322,1431,92.38294898672257,17.909454061251665,11.429205503772748
360,NANTES,3532157,3179,381,236,0,617,569,108.43585237258348,11.984900912236553,7.42371815036175
361,NARANDIBA,3532207,4904,666,339,0,1005,903,111.29568106312293,13.580750407830342,6.912724306688417
362,NATIVIDADE DA SERRA,3532306,6642,1279,586,0,1865,2144,86.98694029850746,19.256248118036737,8.822643781993374
363,NAZARÉ PAULISTA,3532405,18698,2595,1399,0,3994,3832,104.2275574112735,13.878489678040431,7.482083645309659
364,NEVES PAULISTA,3532504,8923,1998,1172,0,3170,2964,106.95006747638327,22.391572341140872,13.134595987896446
365,NHANDEARA,3532603,11527,2452,1457,0,3909,3590,108.8857938718663,21.27179665134033,12.639888956363322
366,NIPOÃ,3532702,5298,599,303,0,902,884,102.03619909502262,11.306153265383163,5.719139297848245
367,NOVA ALIANÇA,3532801,7068,1170,700,0,1870,1763,106.069200226886,16.553480475382003,9.903791737408037
368,NOVA CAMPINA,3532827,9860,887,463,0,1350,1284,105.14018691588785,8.995943204868153,4.695740365111562
369,NOVA CANAÃ PAULISTA,3532843,1852,441,262,0,703,681,103.23054331864905,23.81209503239741,14.146868250539956
370,NOVA CASTILHO,3532868,1278,235,128,0,363,340,106.76470588235294,18.38810641627543,10.015649452269171
371,NOVA EUROPA,3532900,11355,1295,684,0,1979,1907,103.77556371263765,11.404667547335976,6.023778071334214
372,NOVA GRANADA,3533007,21689,3079,1946,0,5025,4730,106.23678646934461,14.196136290285398,8.972290100972844
373,NOVA GUATAPORANGA,3533106,2325,469,230,0,699,641,109.04836193447738,20.172043010752688,9.89247311827957
374,NOVA INDEPENDÊNCIA,3533205,4053,477,266,0,743,707,105.09193776520509,11.769059955588453,6.563039723661486
375,NOVAIS,3533254,5945,638,289,0,927,946,97.99154334038055,10.731707317073171,4.861227922624054
376,NOVA LUZITÂNIA,3533304,4160,549,265,0,814,850,95.76470588235294,13.197115384615385,6.3701923076923075
377,NOVA ODESSA,3533403,60956,6827,2840,0,9667,10537,91.74338046882414,11.199881882013257,4.659098366034517
378,NOVO HORIZONTE,3533502,41414,6756,3796,0,10552,9778,107.91572918797301,16.313323996716086,9.165982517989086
379,NUPORANGA,3533601,7478,1194,686,0,1880,1889,99.52355743779778,15.966836052420433,9.17357582241241
380,OCAUÇU,3533700,4291,684,464,0,1148,1001,114.6853146853147,15.940340247028665,10.813330226054532
381,ÓLEO,3533809,2471,553,234,0,787,781,100.76824583866836,22.379603399433428,9.469850263051397
382,OLÍMPIA,3533908,55130,9597,5385,0,14982,14131,106.02222064963556,17.407944857609287,9.767821512787956
383,ONDA VERDE,3534005,4422,668,359,0,1027,1023,100.39100684261975,15.106286748077794,8.11849841700588
384,ORIENTE,3534104,6542,1090,547,0,1637,1736,94.29723502304147,16.661571384897584,8.361357383063284
385,ORINDIÚVA,3534203,7194,761,440,0,1201,992,121.06854838709677,10.578259660828468,6.116207951070336
386,ORLÂNDIA,3534302,44360,5814,2152,0,7966,9216,86.43663194444444,13.106402164111813,4.851217312894499
387,OSASCO,3534401,699944,85476,38690,0,124166,133668,92.89134272974833,12.21183408958431,5.527585063947972
388,OSCAR BRESSANE,3534500,2603,659,372,0,1031,1071,96.26517273576097,25.316941990011525,14.291202458701498
389,OSVALDO CRUZ,3534609,33000,6251,3725,0,9976,9818,101.60928906090854,18.94242424242424,11.287878787878789
390,OURINHOS,3534708,114352,18370,11294,0,29664,27801,106.70119779864034,16.06443262907514,9.876521617461872
391,OUROESTE,3534757,10539,1652,1036,0,2688,2411,111.4890087100788,15.675111490653762,9.830154663630324
392,OURO VERDE,3534807,8620,1566,681,0,2247,2447,91.8267266040049,18.167053364269144,7.900232018561485
393,PACAEMBU,3534906,14263,2262,1208,0,3470,3414,101.64030462800235,15.859216153684358,8.469466451658135
394,PALESTINA,3535002,13123,2221,1108,0,3329,3163,105.24818210559594,16.924483730854227,8.44319134344281
395,PALMARES PAULISTA,3535101,13486,960,525,0,1485,1511,98.27928524156188,7.1184932522616045,3.892925997330565
396,PALMEIRA D'OESTE,3535200,9227,2020,1211,0,3231,2971,108.75126220127902,21.892272678010187,13.124525848054622
397,PALMITAL,3535309,22272,4324,2507,0,6831,6477,105.46549328392774,19.414511494252874,11.256285919540229
398,PANORAMA,3535408,15862,2200,1147,0,3347,3254,102.8580208973571,13.869625520110956,7.23111839616694
399,PARAGUAÇU PAULISTA,3535507,45945,6349,3484,0,9833,10073,97.61739303087461,13.81869626727609,7.58297964958102
400,PARAIBUNA,3535606,18263,2531,1231,0,3762,4102,91.71136031204291,13.858621256091553,6.740404095712643
401,PARAÍSO,3535705,6496,1013,640,0,1653,1629,101.47329650092081,15.594211822660098,9.852216748768473
402,PARANAPANEMA,3535804,20395,2257,951,0,3208,3775,84.98013245033113,11.066437852414808,4.662907575386124
403,PARANAPUÃ,3535903,4095,703,435,0,1138,1027,110.80817916260955,17.167277167277167,10.622710622710622
404,PARAPUÃ,3536000,10949,2022,1204,0,3226,3007,107.28300631858995,18.467439948853777,10.996438030870399
405,PARDINHO,3536109,6508,1046,514,0,1560,1344,116.07142857142858,16.072526121696374,7.8979717271051015
406,PARIQUERA-AÇU,3536208,19723,3757,2398,0,6155,5640,109.13120567375887,19.04882624347209,12.158393753485779
407,PARISI,3536257,2169,523,280,0,803,697,115.2080344332855,24.112494236975564,12.909174734900878
408,PATROCÍNIO PAULISTA,3536307,14807,2118,1197,0,3315,3152,105.17131979695431,14.304045383940029,8.084014317552509
409,PAULICÉIA,3536406,7454,816,386,0,1202,1300,92.46153846153847,10.94714247383955,5.178427689830963
410,PAULÍNIA,3536505,112003,11799,6383,0,18182,17586,103.38905947913113,10.534539253412856,5.698954492290385
411,PAULISTÂNIA,3536570,1834,309,179,0,488,482,101.2448132780083,16.848418756815704,9.760087241003273
412,PAULO DE FARIA,3536604,8959,1533,785,0,2318,2300,100.78260869565216,17.111284741600624,8.7621386315437
413,PEDERNEIRAS,3536703,47111,6177,3462,0,9639,9147,105.37881272548377,13.111587527329075,7.348602237269428
414,PEDRA BELA,3536802,6110,984,621,0,1605,1500,107.0,16.104746317512276,10.16366612111293
415,PEDRANÓPOLIS,3536901,2481,568,321,0,889,838,106.08591885441527,22.893994357114067,12.93833131801693
416,PEDREGULHO,3537008,16811,2332,1359,0,3691,3667,100.65448595582221,13.871869609184461,8.083992623877222
417,PEDREIRA,3537107,48463,6663,3182,0,9845,10333,95.27726700861318,13.748632977735593,6.565833728824051
418,PEDRINHAS PAULISTA,3537156,3101,551,360,0,911,755,120.66225165562913,17.76846178652048,11.60915833602064
419,PEDRO DE TOLEDO,3537206,11421,1637,914,0,2551,2465,103.48884381338743,14.333245775326153,8.002801856229752
420,PENÁPOLIS,3537305,63757,11320,6549,0,17869,17334,103.08641975308642,17.754913186003105,10.271813291089606
421,PEREIRA BARRETO,3537404,25677,4298,2051,0,6349,6690,94.90284005979073,16.7387155820384,7.987693266347315
422,PEREIRAS,3537503,8773,1244,721,0,1965,1717,114.44379732090857,14.179870055853186,8.218397355522626
423,PERUÍBE,3537602,69001,10267,5904,0,16171,17400,92.9367816091954,14.87949450007971,8.556397733366182
424,PIACATU,3537701,6038,969,546,0,1515,1401,108.13704496788009,16.04836038423319,9.0427293805896
425,PIEDADE,3537800,55542,6589,2973,0,9562,11291,84.68691878487292,11.8630945950812,5.352706060278708
426,PILAR DO SUL,3537909,29402,4409,2108,0,6517,5992,108.76168224299066,14.995578532072647,7.1695803006598195
427,PINDAMONHANGABA,3538006,170132,21460,9873,0,31333,32709,95.79320676266471,12.613735217360638,5.803141090447418
428,PINDORAMA,3538105,17216,2878,1827,0,4705,4645,101.29171151776104,16.717007434944236,10.612221189591079
429,PINHALZINHO,3538204,15388,2534,1453,0,3987,3816,104.48113207547169,16.467377177021056,9.442422667013258
430,PIQUEROBI,3538303,3699,770,520,0,1290,1173,109.97442455242967,20.816436874831034,14.05785347391187
431,PIQUETE,3538501,13575,2271,1209,0,3480,3722,93.49811929070391,16.7292817679558,8.906077348066297
432,PIRACAIA,3538600,27462,3885,1831,0,5716,6204,92.13410702772404,14.146821061830895,6.667394945743209
433,PIRACICABA,3538709,407252,58267,33457,0,91724,95890,95.65543852330795,14.307357606592477,8.21530649327689
434,PIRAJU,3538808,29869,5414,2910,0,8324,7753,107.36489100993163,18.125816063477185,9.742542435300813
435,PIRAJUÍ,3538907,25719,3507,2045,0,5552,6357,87.33679408526034,13.635833430537737,7.95132003577122
436,PIRANGI,3539004,11471,1874,1069,0,2943,3003,98.001998001998,16.33684944643013,9.31915264580246
437,PIRAPORA DO BOM JESUS,3539103,19178,1904,981,0,2885,2880,100.17361111111111,9.928042548753782,5.115236208155178
438,PIRAPOZINHO,3539202,27754,3625,1636,0,5261,6053,86.9155790517099,13.06118037039706,5.894645816819198
439,PIRASSUNUNGA,3539301,76877,13472,7513,0,20985,20138,104.20597874664811,17.524096934063504,9.772753879573864
440,PIRATININGA,3539400,13765,2632,1231,0,3863,4146,93.17414375301496,19.12095895386851,8.942971304031964
441,PITANGUEIRAS,3539509,40080,3938,2278,0,6216,6791,91.53291120600795,9.825349301397205,5.6836327345309385
442,PLANALTO,3539608,5304,686,282,0,968,932,103.862660944206,12.933634992458524,5.316742081447964
443,PLATINA,3539707,3578,565,279,0,844,789,106.97084917617236,15.790944661822248,7.797652319731693
444,POÁ,3539806,118349,13288,7232,0,20520,20689,99.18314079945864,11.227809275955014,6.110740268189845
445,POLONI,3539905,6113,1212,740,0,1952,1668,117.0263788968825,19.826599051202358,12.105349255684606
446,POMPÉIA,3540002,22172,3961,1956,0,5917,5857,101.02441522963974,17.864874616633593,8.821937578928377
447,PONGAÍ,3540101,3400,745,404,0,1149,1068,107.58426966292134,21.91176470588235,11.882352941176471
448,PONTAL,3540200,50852,3973,2068,0,6041,5797,104.20907365878902,7.812868717061276,4.066703374498545
449,PONTALINDA,3540259,4674,555,332,0,887,843,105.21945432977462,11.874197689345314,7.103123662815576
450,PONTES GESTAL,3540309,2577,494,225,0,719,661,108.77458396369137,19.169577027551416,8.731082654249127
451,POPULINA,3540408,4152,954,497,0,1451,1323,109.67498110355254,22.976878612716764,11.970134874759152
452,PORANGABA,3540507,10067,1795,915,0,2710,2620,103.43511450381679,17.830535412734676,9.089103009834112
453,PORTO FELIZ,3540606,53402,6389,2789,0,9178,10877,84.37988415923509,11.963971386839445,5.2226508370473015
454,PORTO FERREIRA,3540705,56504,8039,4127,0,12166,12102,100.52883820856057,14.227311340790033,7.303907687951296
455,POTIM,3540754,25130,2050,1265,0,3315,3345,99.10313901345292,8.15758058097891,5.033824114604059
456,POTIRENDABA,3540804,17516,2983,1738,0,4721,4447,106.16145716213177,17.030143868463117,9.92235670244348
457,PRACINHA,3540853,4212,291,164,0,455,428,106.30841121495327,6.908831908831909,3.89363722697056
458,PRADÓPOLIS,3540903,21873,2055,1148,0,3203,3145,101.84419713831478,9.395144698943904,5.2484798610158645
459,PRAIA GRANDE,3541000,330845,46920,26060,0,72980,69428,105.11609149046495,14.181867641947136,7.876800314346598
460,PRATÂNIA,3541059,5317,620,207,0,827,848,97.52358490566037,11.660710927214595,3.8931728418280986
461,PRESIDENTE ALVES,3541109,4080,636,279,0,915,1190,76.89075630252101,15.588235294117647,6.838235294117648
462,PRESIDENTE BERNARDES,3541208,13023,3246,1570,0,4816,4836,99.58643507030604,24.925132457958995,12.055593949166859
463,PRESIDENTE EPITÁCIO,3541307,44389,6236,3383,0,9619,9304,103.38564058469476,14.048525535605668,7.621257518754647
464,PRESIDENTE PRUDENTE,3541406,230371,41330,23210,0,64540,64815,99.57571549795571,17.940626207291714,10.075052849534012
465,PRESIDENTE VENCESLAU,3541505,39583,7211,4467,0,11678,11464,101.86671318911375,18.217416567718463,11.285147664401386
466,PROMISSÃO,3541604,40828,5714,3246,0,8960,8997,99.5887518061576,13.995297344959342,7.95042617811306
467,QUADRA,3541653,3854,547,287,0,834,745,111.94630872483222,14.193046185781007,7.446808510638298
468,QUATÁ,3541703,14210,1994,1037,0,3031,2905,104.33734939759036,14.03237156931738,7.297677691766362
469,QUEIROZ,3541802,3460,406,242,0,648,669,96.8609865470852,11.734104046242773,6.994219653179192
470,QUELUZ,3541901,13606,1529,690,0,2219,2259,98.22930500221338,11.237689254740555,5.071292077024842
471,QUINTANA,3542008,6688,1077,624,0,1701,1664,102.2235576923077,16.10346889952153,9.330143540669857
472,RAFARD,3542107,9101,1144,646,0,1790,1966,91.04781281790437,12.570047247555213,7.09812108559499
473,RANCHARIA,3542206,29726,4979,2285,0,7264,7386,98.3482263742215,16.749646773867994,7.686873444122989
474,REDENÇÃO DA SERRA,3542305,3839,644,283,0,927,975,95.07692307692308,16.775201875488406,7.371711383172701
475,REGENTE FEIJÓ,3542404,20394,3160,1352,0,4512,4502,100.22212350066637,15.494753358831028,6.629400804158085
476,REGINÓPOLIS,3542503,9837,1162,561,0,1723,1561,110.37796284433057,11.812544474941546,5.702958218969198
477,REGISTRO,3542602,56393,8575,5113,0,13688,15800,86.63291139240506,15.205787952405439,9.066728140017378
478,RESTINGA,3542701,7679,760,487,0,1247,1209,103.14309346567411,9.897122021096497,6.3419716108868345
479,RIBEIRA,3542800,3330,526,274,0,800,919,87.05114254624591,15.795795795795794,8.228228228228227
480,RIBEIRÃO BONITO,3542909,13299,1969,880,0,2849,2651,107.4688796680498,14.80562448304384,6.6170388751033915
481,RIBEIRÃO BRANCO,3543006,16211,1867,902,0,2769,2963,93.45258184272697,11.516871260255382,5.564123126272285
482,RIBEIRÃO CORRENTE,3543105,4752,565,262,0,827,858,96.38694638694638,11.889730639730638,5.513468013468013
483,RIBEIRÃO DO SUL,3543204,4539,873,437,0,1310,1260,103.96825396825398,19.233311302048907,9.627671293236395
484,RIBEIRÃO DOS ÍNDIOS,3543238,2224,589,406,0,995,823,120.89914945321993,26.48381294964029,18.255395683453237
485,RIBEIRÃO GRANDE,3543253,7679,1011,498,0,1509,1578,95.62737642585552,13.165776793853368,6.485219429613231
486,RIBEIRÃO PIRES,3543303,124159,17395,9834,0,27229,27694,98.3209359428035,14.010261036251903,7.920489050330624
487,RIBEIRÃO PRETO,3543402,711825,102821,59297,0,162118,171323,94.62710786059081,14.444701998384435,8.33027780704527
488,RIVERSUL,3543501,5443,965,434,0,1399,1417,98.72971065631616,17.729193459489252,7.973544001469778
489,RIFAINA,3543600,3640,646,350,0,996,961,103.64203954214359,17.747252747252748,9.615384615384617
490,RINCÃO,3543709,10812,1495,700,0,2195,2353,93.28516787080324,13.827229004809471,6.474287828338883
491,RINÓPOLIS,3543808,9961,1808,1053,0,2861,2716,105.33873343151694,18.1507880734866,10.571227788374662
492,RIO CLARO,3543907,208008,33208,19081,0,52289,52161,100.24539406836526,15.964770585746702,9.173204876735511
493,RIO DAS PEDRAS,3544004,35738,3738,2155,0,5893,5535,106.46793134598012,10.459454921931838,6.029996082601153
494,RIO GRANDE DA SERRA,3544103,51436,4061,1942,0,6003,7437,80.71803146430013,7.89524846411074,3.7755657516136556
495,RIOLÂNDIA,3544202,12689,1253,578,0,1831,2100,87.19047619047619,9.874694617385137,4.555126487508867
496,ROSANA,3544251,16281,3181,1875,0,5056,4645,108.84822389666309,19.53811190958786,11.516491615994104
497,ROSEIRA,3544301,10801,1328,766,0,2094,2096,99.90458015267176,12.295157855754097,7.091935931858161
498,RUBIÁCEA,3544400,3162,459,278,0,737,650,113.3846153846154,14.516129032258066,8.791903858317522
499,RUBINÉIA,3544509,3170,598,364,0,962,963,99.89615784008308,18.86435331230284,11.482649842271293
500,SABINO,3544608,5614,1209,491,0,1700,1700,100.0,21.535447096544353,8.745992162451016
501,SAGRES,3544707,2430,422,189,0,611,692,88.29479768786128,17.366255144032923,7.777777777777778
502,SALES,3544806,6407,1168,704,0,1872,1610,116.27329192546586,18.23006087092243,10.987981894802559
503,SALES OLIVEIRA,3544905,11998,1785,929,0,2714,3001,90.43652115961346,14.87747957992999,7.742957159526588
504,SALESÓPOLIS,3545001,17252,2533,1173,0,3706,3348,110.69295101553168,14.682355668907954,6.799211685601669
505,SALMOURÃO,3545100,5337,830,483,0,1313,1214,108.15485996705108,15.551808131909311,9.050028105677347
506,SALTINHO,3545159,8393,1266,777,0,2043,1888,108.20974576271188,15.083998570237103,9.257714762301918
507,SALTO,3545209,119736,14151,6930,0,21081,23669,89.06586674553213,11.818500701543396,5.787733012627781
508,SALTO DE PIRAPORA,3545308,45860,6246,3348,0,9594,9479,101.21320814431903,13.619712167466203,7.300479720889665
509,SALTO GRANDE,3545407,9364,1425,765,0,2190,2215,98.87133182844244,15.217855617257584,8.169585647159334
510,SANDOVALINA,3545506,4354,536,313,0,849,837,101.4336917562724,12.31051906293064,7.188791915480018
511,SANTA ADÉLIA,3545605,15561,2675,1479,0,4154,3877,107.14469950993035,17.190411927254033,9.504530557162136
512,SANTA ALBERTINA,3545704,6022,1333,659,0,1992,1814,109.81256890848951,22.135503155097975,10.94320823646629
513,SANTA BÁRBARA D'OESTE,3545803,194390,23964,12911,0,36875,37399,98.5988930185299,12.327794639641956,6.641802561860179
514,SANTA BRANCA,3546009,14857,2086,1054,0,3140,3598,87.27070594774875,14.040519620380964,7.094298983644073
515,SANTA CLARA D'OESTE,3546108,2113,449,250,0,699,578,120.93425605536332,21.249408424041647,11.831519167061051
516,SANTA CRUZ DA CONCEIÇÃO,3546207,4544,1050,657,0,1707,1303,131.00537221795855,23.107394366197184,14.458626760563382
517,SANTA CRUZ DA ESPERANÇA,3546256,2153,444,224,0,668,588,113.60544217687074,20.622387366465396,10.40408732001858
518,SANTA CRUZ DAS PALMEIRAS,3546306,34737,4093,2283,0,6376,6418,99.34559052664382,11.78282522958229,6.572242853441574
519,SANTA CRUZ DO RIO PARDO,3546405,47943,7520,4710,0,12230,12423,98.44643000885455,15.685292952047222,9.824166197359364
520,SANTA ERNESTINA,3546504,5588,665,291,0,956,971,98.4552008238929,11.900501073729421,5.207587687902649
521,SANTA FÉ DO SUL,3546603,32563,7188,4147,0,11335,10896,104.02900146842877,22.074133218683784,12.73531308540368
522,SANTA GERTRUDES,3546702,27381,2373,1319,0,3692,3597,102.64108979705311,8.666593623315439,4.817209013549541
523,SANTA ISABEL,3546801,57966,7007,3513,0,10520,10725,98.08857808857809,12.08812062243384,6.060449228858296
524,SANTA LÚCIA,3546900,8854,969,523,0,1492,1483,100.60687795010115,10.944206008583691,5.906934718771177
525,SANTA MARIA DA SERRA,3547007,6236,811,345,0,1156,1234,93.67909238249594,13.005131494547786,5.532392559332906
526,SANTA MERCEDES,3547106,2943,514,325,0,839,726,115.56473829201101,17.465171593611963,11.043153244988108
527,SANTANA DA PONTE PENSA,3547205,1467,469,238,0,707,596,118.62416107382549,31.970006816632583,16.22358554873892
528,SANTANA DE PARNAÍBA,3547304,142301,13979,6966,0,20945,23311,89.85028527304706,9.823543053105741,4.895257236421389
529,SANTA RITA D'OESTE,3547403,2487,599,366,0,965,838,115.15513126491648,24.085243264977883,14.71652593486128
530,SANTA RITA DO PASSA QUATRO,3547502,27600,6210,3540,0,9750,8894,109.62446593208905,22.5,12.82608695652174
531,SANTA ROSA DE VITERBO,3547601,26753,3908,1947,0,5855,6364,92.00188560653677,14.607707546817181,7.277688483534557
532,SANTA SALETE,3547650,1552,422,245,0,667,591,112.8595600676819,27.190721649484534,15.786082474226804
533,SANTO ANASTÁCIO,3547700,20866,3968,2214,0,6182,5755,107.41963509991312,19.016581999424904,10.610562637783955
534,SANTO ANDRÉ,3547809,721368,113575,60961,0,174536,189291,92.20512332863157,15.744391212252276,8.450749132204367
535,SANTO ANTÔNIO DA ALEGRIA,3547908,6977,1357,817,0,2174,1999,108.75437718859429,19.449620180593378,11.70990397018776
536,SANTO ANTÔNIO DE POSSE,3548005,23529,3042,1359,0,4401,4357,101.00986917603856,12.92872625270942,5.775851077393854
537,SANTO ANTÔNIO DO ARACANGUÁ,3548054,8481,1198,561,0,1759,1747,100.68689181453921,14.125692724914515,6.614785992217899
538,SANTO ANTÔNIO DO JARDIM,3548104,5940,1184,656,0,1840,1585,116.0883280757098,19.93265993265993,11.043771043771043
539,SANTO ANTÔNIO DO PINHAL,3548203,6827,923,620,0,1543,1505,102.52491694352159,13.519847663688298,9.081587813095064
540,SANTO EXPEDITO,3548302,3135,614,389,0,1003,939,106.8157614483493,19.585326953748005,12.408293460925039
541,SANTÓPOLIS DO AGUAPEÍ,3548401,4817,661,373,0,1034,965,107.15025906735751,13.72223375544945,7.743408760639402
542,SANTOS,3548500,433656,102299,59219,0,161518,161876,99.77884306506215,23.58989613887505,13.655754791816555
543,SÃO BENTO DO SAPUCAÍ,3548609,10893,1827,1208,0,3035,2921,103.90277302293735,16.77223905260259,11.08969062700817
544,SÃO BERNARDO DO CAMPO,3548708,844483,119824,66746,0,186570,178867,104.30655179546815,14.189036368997362,7.903770709416294
545,SÃO CAETANO DO SUL,3548807,161957,38945,25157,0,64102,65058,98.53054197792738,24.046506171391172,15.53313533839229
546,SÃO CARLOS,3548906,254484,41954,22272,0,64226,63186,101.64593422593613,16.48590874082457,8.751827226859056
547,SÃO FRANCISCO,3549003,2817,622,378,0,1000,933,107.18113612004288,22.08022719204828,13.418530351437699
548,SÃO JOÃO DA BOA VISTA,3549102,91771,18063,11138,0,29201,27629,105.68967389337291,19.682688430985824,12.1367316472524
549,SÃO JOÃO DAS DUAS PONTES,3549201,2561,416,263,0,679,639,106.25978090766823,16.243654822335024,10.269426005466615
550,SÃO JOÃO DE IRACEMA,3549250,1932,361,222,0,583,575,101.39130434782608,18.685300207039337,11.490683229813664
551,SÃO JOÃO DO PAU D'ALHO,3549300,2100,552,319,0,871,802,108.60349127182045,26.285714285714285,15.19047619047619
552,SÃO JOAQUIM DA BARRA,3549409,52319,7170,3198,0,10368,12703,81.61851531134377,13.70439037443376,6.112502150270456
553,SÃO JOSÉ DA BELA VISTA,3549508,8960,964,479,0,1443,1685,85.6379821958457,10.758928571428573,5.345982142857142
554,SÃO JOSÉ DO BARREIRO,3549607,4144,688,382,0,1070,996,107.429718875502,16.602316602316602,9.218146718146718
555,SÃO JOSÉ DO RIO PARDO,3549706,55124,9876,4560,0,14436,15744,91.6920731707317,17.91597126478485,8.27225890719106
556,SÃO JOSÉ DO RIO PRETO,3549805,464983,83822,47899,0,131721,128203,102.74408555182015,18.026895606936165,10.301236819410601
557,SÃO JOSÉ DOS CAMPOS,3549904,729737,93774,58293,0,152067,155871,97.55952037261582,12.850383083220393,7.988220413655879
558,SÃO LOURENÇO DA SERRA,3549953,15978,1673,951,0,2624,2753,95.31420268797676,10.470647139817249,5.951933909125047
559,SÃO LUIZ DO PARAITINGA,3550001,10690,1803,902,0,2705,2627,102.96916634944805,16.86623012160898,8.4377923292797
560,SÃO MANUEL,3550100,41123,5669,2592,0,8261,9106,90.72040412914562,13.785472849743453,6.303042093232497
561,SÃO MIGUEL ARCANJO,3550209,33002,4211,2236,0,6447,6403,100.68717788536622,12.759832737409853,6.775346948669777
562,SÃO PAULO,3550308,12325232,1924049,1041651,0,2965700,2973539,99.73637473730797,15.610651385710225,8.451370327146783
563,SÃO PEDRO,3550407,35980,5978,3531,0,9509,9271,102.56714486031713,16.614785992217897,9.81378543635353
564,SÃO PEDRO DO TURVO,3550506,7696,1188,720,0,1908,1808,105.53097345132743,15.436590436590436,9.355509355509357
565,SÃO ROQUE,3550605,92060,11879,6111,0,17990,21595,83.3063209076175,12.903541168802954,6.638062133391267
566,SÃO SEBASTIÃO,3550704,90328,9102,5438,0,14540,14198,102.40878997041838,10.076609689132937,6.020281640244442
567,SÃO SEBASTIÃO DA GRAMA,3550803,12159,1959,964,0,2923,2972,98.35127860026918,16.111522329138907,7.928283575951969
568,SÃO SIMÃO,3550902,15385,2415,1281,0,3696,3968,93.14516129032258,15.697107572310692,8.326291842703933
569,SÃO VICENTE,3551009,368355,43735,23851,0,67586,74436,90.79746359288517,11.873057240976776,6.475003732812097
570,SARAPUÍ,3551108,10390,1537,536,0,2073,1873,110.67805659369994,14.793070259865255,5.1588065447545715
571,SARUTAIÁ,3551207,3630,649,423,0,1072,943,113.6797454931071,17.87878787878788,11.652892561983471
572,SEBASTIANÓPOLIS DO SUL,3551306,3554,660,392,0,1052,891,118.0695847362514,18.570624648283623,11.029825548677547
573,SERRA AZUL,3551405,14981,1466,768,0,2234,2225,100.40449438202248,9.785728589546759,5.126493558507443
574,SERRANA,3551504,45644,29677,18769,0,48446,62331,77.7237650607242,65.01840329506616,41.12041013057576
575,SERRA NEGRA,3551603,29452,5555,3185,0,8740,8392,104.14680648236416,18.861197881298384,10.81420616596496
576,SERTÃOZINHO,3551702,127142,15881,8902,0,24783,24412,101.5197443880059,12.490758364663131,7.001620235642038
577,SETE BARRAS,3551801,12780,1705,1010,0,2715,2791,97.27696166248656,13.34115805946792,7.902973395931142
578,SEVERÍNIA,3551900,17661,1957,1083,0,3040,2946,103.1907671418873,11.080912745597644,6.132155597078308
579,SILVEIRAS,3552007,6339,1014,649,0,1663,1508,110.27851458885942,15.99621391386654,10.238207919230161
580,SOCORRO,3552106,41352,7862,3802,0,11664,11502,101.40845070422534,19.012381505126715,9.194234861675373
581,SOROCABA,3552205,687357,88338,50110,0,138448,144054,96.10840379302206,12.85183681842187,7.2902436434051
582,SUD MENNUCCI,3552304,7728,1297,831,0,2128,1936,109.91735537190081,16.78312629399586,10.753105590062113
583,SUMARÉ,3552403,286211,30149,14552,0,44701,45401,98.45818374044624,10.533836924506746,5.084360838681952
584,SUZANO,3552502,300559,31090,16342,0,47432,50291,94.31508619832574,10.344058903576336,5.43720201358136
585,SUZANÁPOLIS,3552551,4014,606,312,0,918,906,101.32450331125828,15.097159940209268,7.772795216741405
586,TABAPUÃ,3552601,12485,2180,1315,0,3495,3123,111.91162343900096,17.460953143772524,10.5326391670004
587,TABATINGA,3552700,16644,2222,1157,0,3379,3116,108.4403080872914,13.35015621244893,6.951453977409276
588,TABOÃO DA SERRA,3552809,293652,33193,17448,0,50641,51404,98.51567971364096,11.303515726097558,5.941726942094724
589,TACIBA,3552908,6329,828,521,0,1349,1369,98.53907962016069,13.082635487438774,8.231948175067151
590,TAGUAÍ,3553005,14141,1559,894,0,2453,2302,106.55951346655081,11.024680008485962,6.3220422883813026
591,TAIAÇU,3553104,6320,1069,614,0,1683,1746,96.3917525773196,16.91455696202532,9.715189873417723
592,TAIÚVA,3553203,5564,1236,651,0,1887,1787,105.59597090095131,22.214234363767073,11.70021567217829
593,TAMBAÚ,3553302,23232,3533,2019,0,5552,5638,98.47463639588506,15.207472451790633,8.69059917355372
594,TANABI,3553401,26101,4776,2734,0,7510,7098,105.8044519582981,18.298149496187886,10.474694456151106
595,TAPIRAÍ,3553500,7766,1287,660,0,1947,1799,108.22679266259033,16.572237960339944,8.498583569405099
596,TAPIRATIBA,3553609,12950,2033,1222,0,3255,3148,103.39898348157561,15.698841698841697,9.436293436293436
597,TAQUARAL,3553658,2813,419,275,0,694,693,100.14430014430013,14.895129754710274,9.776039815143974
598,TAQUARITINGA,3553708,57364,9190,5468,0,14658,15369,95.37380441147765,16.020500662436373,9.532110731469214
599,TAQUARITUBA,3553807,23256,3668,2027,0,5695,5384,105.77637444279347,15.772273821809426,8.716030271757825
600,TAQUARIVAÍ,3553856,5911,499,292,0,791,883,89.58097395243489,8.441888005413634,4.939942480121807
601,TARABAI,3553906,7540,951,595,0,1546,1382,111.86685962373373,12.612732095490717,7.891246684350133
602,TARUMÃ,3553955,15183,1755,1078,0,2833,2450,115.6326530612245,11.558980438648488,7.100046104195481
603,TATUÍ,3554003,122967,17367,9522,0,26889,26813,100.28344459776974,14.123301373539244,7.743540950010979
604,TAUBATÉ,3554102,317915,44621,22413,0,67034,70649,94.88315475095189,14.03551263702562,7.049997640878851
605,TEJUPÁ,3554201,4491,582,316,0,898,863,104.0556199304751,12.959251837007349,7.036294811845914
606,TEODORO SAMPAIO,3554300,23273,3005,1649,0,4654,4349,107.01310646125546,12.911958062991449,7.085463842220599
607,TERRA ROXA,3554409,9437,1496,970,0,2466,2159,114.21954608615098,15.852495496450143,10.27869026173572
608,TIETÊ,3554508,42517,5788,2779,0,8567,9365,91.47891083822745,13.61337817814051,6.536209045793448
609,TIMBURI,3554607,2652,557,343,0,900,803,112.07970112079701,21.003016591251885,12.933634992458524
610,TORRE DE PEDRA,3554656,2422,484,278,0,762,713,106.87237026647966,19.983484723369116,11.47811725846408
611,TORRINHA,3554706,10056,1833,964,0,2797,2809,99.57280170879316,18.227923627684962,9.58631662688942
612,TRABIJU,3554755,1738,298,141,0,439,420,104.52380952380953,17.14614499424626,8.112773302646719
613,TREMEMBÉ,3554805,47714,6176,3553,0,9729,10714,90.80642150457345,12.943790082575346,7.44645177516033
614,TRÊS FRONTEIRAS,3554904,5832,1169,660,0,1829,1801,101.55469183786785,20.044581618655695,11.316872427983538
615,TUIUTI,3554953,6977,1326,570,0,1896,1780,106.51685393258428,19.00530313888491,8.169700444317042
616,TUPÃ,3555000,65570,14256,7432,0,21688,22546,96.19444690854253,21.74165014488333,11.33445173097453
617,TUPI PAULISTA,3555109,15583,3419,1719,0,5138,5099,100.76485585408903,21.940576269011103,11.031252005390488
618,TURIÚBA,3555208,2020,465,262,0,727,670,108.50746268656717,23.01980198019802,12.970297029702971
619,TURMALINA,3555307,1696,541,344,0,885,736,120.24456521739131,31.89858490566038,20.28301886792453
620,UBARANA,3555356,6400,701,368,0,1069,996,107.32931726907631,10.953125,5.75
621,UBATUBA,3555406,91824,10180,5343,0,15523,17819,87.11487737807958,11.086426206656212,5.818740198640878
622,UBIRAJARA,3555505,4804,729,423,0,1152,1143,100.78740157480314,15.174854288093256,8.805162364696088
623,UCHOA,3555604,10151,1835,1169,0,3004,2833,106.03600423579245,18.077036745148263,11.51610678750862
624,UNIÃO PAULISTA,3555703,1865,280,180,0,460,415,110.8433734939759,15.013404825737265,9.651474530831099
625,URÂNIA,3555802,9120,1910,1123,0,3033,2867,105.79002441576561,20.942982456140353,12.31359649122807
626,URU,3555901,1153,309,136,0,445,402,110.69651741293531,26.799653078924546,11.795316565481354
627,URUPÊS,3556008,13888,2563,1482,0,4045,3841,105.3111168966415,18.454781105990783,10.671082949308756
628,VALENTIM GENTIL,3556107,13532,1655,972,0,2627,2484,105.75684380032206,12.230268992018917,7.182973691989359
629,VALINHOS,3556206,131210,17888,10564,0,28452,27855,102.14324178782984,13.633107232680436,8.05121560856642
630,VALPARAÍSO,3556305,26822,3133,1705,0,4838,5728,84.4622905027933,11.680709865036164,6.356722093803594
631,VARGEM,3556354,10692,1656,784,0,2440,2758,88.46990572878897,15.488215488215488,7.3325851103628885
632,VARGEM GRANDE DO SUL,3556404,43110,7261,3940,0,11201,10050,111.45273631840796,16.842959870099744,9.139410809556948
633,VARGEM GRANDE PAULISTA,3556453,53468,5415,2664,0,8079,9002,89.74672295045546,10.127552928854643,4.98241939103763
634,VÁRZEA PAULISTA,3556503,123071,10609,4001,0,14610,17870,81.75713486289872,8.620227348441144,3.2509689528808576
635,VERA CRUZ,3556602,10823,2005,816,0,2821,3161,89.24391015501423,18.525362653608056,7.539499214635499
636,VINHEDO,3556701,80111,11550,4969,0,16519,17429,94.77881691433817,14.417495724682002,6.202643831683539
637,VIRADOURO,3556800,19017,2720,1267,0,3987,4037,98.7614565271241,14.302992059736026,6.662459904296155
638,VISTA ALEGRE DO ALTO,3556909,8989,958,554,0,1512,1454,103.98899587345254,10.657470241406163,6.163088218934253
639,VITÓRIA BRASIL,3556958,1846,328,193,0,521,509,102.35756385068761,17.768147345612135,10.455037919826653
640,VOTORANTIM,3557006,123599,13030,7440,0,20470,22692,90.20800282037722,10.54215648993924,6.019466176910816
641,VOTUPORANGA,3557105,95338,18557,10758,0,29315,28631,102.38901889560267,19.46443181103023,11.284063017894228
642,ZACARIAS,3557154,2752,467,266,0,733,660,111.06060606060606,16.969476744186046,9.665697674418606
643,CHAVANTES,3557204,12418,1886,946,0,2832,2677,105.79006350392231,15.187630858431309,7.6179739088420035
644,ESTIVA GERBI,3557303,11407,1318,655,0,1973,1861,106.01826974744762,11.55430875778031,5.7420881914613835
